{"type":"FeatureCollection","features":[{"type":"Feature","geometry":{"type":"Polygon","coordinates":[[[-74.33,40.34],[-74.32,40.35],[-74.31,40.35],[-74.31,40.36],[-74.3,40.37],[-74.29,40.37],[-74.29,40.38],[-74.28,40.38],[-74.27,40.39],[-74.26,40.4],[-74.25,40.4],[-74.25,40.41],[-74.24,40.41],[-74.24,40.4],[-74.25,40.4],[-74.24,40.4],[-74.25,40.39],[-74.24,40.39],[-74.23,40.39],[-74.23,40.4],[-74.23,40.41],[-74.22,40.41],[-74.22,40.42],[-74.22,40.43],[-74.23,40.43],[-74.24,40.43],[-74.24,40.42],[-74.24,40.43],[-74.25,40.43],[-74.24,40.44],[-74.23,40.44],[-74.23,40.45],[-74.23,40.44],[-74.23,40.45],[-74.22,40.45],[-74.22,40.46],[-74.23,40.48],[-74.22,40.48],[-74.21,40.48],[-74.2,40.48],[-74.18,40.48],[-74.16,40.49],[-74.14,40.49],[-74.13,40.49],[-74.1,40.5],[-74.09,40.5],[-74.08,40.5],[-74.07,40.5],[-74.06,40.51],[-74.04,40.51],[-74.01,40.51],[-73.98,40.52],[-73.95,40.51],[-73.9,40.49],[-73.89,40.49],[-73.89,40.48],[-73.89,40.45],[-73.89,40.42],[-73.89,40.38],[-73.89,40.34],[-73.89,40.31],[-73.93,40.32],[-73.97,40.32],[-73.98,40.32],[-73.98,40.33],[-73.99,40.33],[-74,40.33],[-74,40.32],[-74,40.31],[-74.01,40.31],[-74.01,40.3],[-74.01,40.31],[-74.01,40.3],[-74.01,40.29],[-74,40.29],[-74,40.28],[-74.01,40.28],[-74.01,40.27],[-74.02,40.27],[-74.03,40.27],[-74.03,40.28],[-74.04,40.28],[-74.03,40.29],[-74.04,40.29],[-74.03,40.29],[-74.03,40.3],[-74.04,40.3],[-74.03,40.3],[-74.04,40.3],[-74.04,40.31],[-74.05,40.31],[-74.05,40.32],[-74.04,40.32],[-74.04,40.33],[-74.05,40.33],[-74.06,40.33],[-74.06,40.34],[-74.05,40.34],[-74.05,40.35],[-74.04,40.35],[-74.03,40.35],[-74.03,40.36],[-74.02,40.36],[-74.02,40.37],[-74.03,40.37],[-74.03,40.38],[-74.04,40.37],[-74.05,40.37],[-74.06,40.37],[-74.06,40.36],[-74.07,40.36],[-74.08,40.36],[-74.08,40.35],[-74.08,40.34],[-74.09,40.34],[-74.09,40.33],[-74.1,40.33],[-74.09,40.33],[-74.1,40.33],[-74.1,40.32],[-74.11,40.32],[-74.11,40.33],[-74.11,40.32],[-74.12,40.32],[-74.13,40.32],[-74.14,40.32],[-74.14,40.33],[-74.14,40.32],[-74.15,40.32],[-74.15,40.33],[-74.16,40.33],[-74.17,40.33],[-74.18,40.33],[-74.18,40.34],[-74.19,40.34],[-74.2,40.34],[-74.2,40.35],[-74.2,40.34],[-74.21,40.34],[-74.22,40.34],[-74.22,40.33],[-74.22,40.32],[-74.22,40.31],[-74.22,40.3],[-74.22,40.29],[-74.22,40.28],[-74.23,40.28],[-74.24,40.28],[-74.24,40.29],[-74.25,40.29],[-74.26,40.29],[-74.26,40.3],[-74.26,40.29],[-74.27,40.29],[-74.27,40.3],[-74.28,40.3],[-74.28,40.29],[-74.29,40.29],[-74.29,40.3],[-74.28,40.31],[-74.29,40.31],[-74.29,40.32],[-74.3,40.32],[-74.3,40.33],[-74.31,40.33],[-74.31,40.34],[-74.32,40.34],[-74.33,40.34]]]},"properties":{"SLDL":"013","NAME":"Assembly District 13","GEOID":"34013"}},{"type":"Feature","geometry":{"type":"Polygon","coordinates":[[[-75.06,39.99],[-75.06,40],[-75.05,40],[-75.05,40.01],[-75.04,40.01],[-75.04,40.02],[-75.03,40.02],[-75.02,40.02],[-75.01,40.02],[-75.01,40.03],[-75,40.03],[-74.99,40.04],[-74.98,40.04],[-74.98,40.05],[-74.97,40.05],[-74.96,40.05],[-74.96,40.06],[-74.95,40.06],[-74.94,40.06],[-74.94,40.07],[-74.93,40.07],[-74.92,40.07],[-74.91,40.07],[-74.9,40.07],[-74.89,40.08],[-74.88,40.08],[-74.87,40.08],[-74.86,40.08],[-74.86,40.09],[-74.85,40.09],[-74.85,40.1],[-74.84,40.1],[-74.83,40.1],[-74.83,40.11],[-74.83,40.12],[-74.83,40.13],[-74.82,40.13],[-74.81,40.13],[-74.81,40.12],[-74.8,40.12],[-74.79,40.12],[-74.78,40.12],[-74.78,40.13],[-74.77,40.13],[-74.76,40.13],[-74.75,40.13],[-74.74,40.13],[-74.74,40.14],[-74.73,40.14],[-74.73,40.15],[-74.72,40.15],[-74.71,40.15],[-74.71,40.16],[-74.7,40.16],[-74.7,40.17],[-74.71,40.17],[-74.71,40.18],[-74.7,40.18],[-74.69,40.18],[-74.7,40.18],[-74.69,40.18],[-74.69,40.17],[-74.68,40.17],[-74.68,40.18],[-74.69,40.18],[-74.68,40.18],[-74.68,40.17],[-74.68,40.18],[-74.68,40.17],[-74.67,40.17],[-74.68,40.17],[-74.67,40.17],[-74.68,40.17],[-74.68,40.16],[-74.68,40.15],[-74.68,40.14],[-74.68,40.13],[-74.68,40.12],[-74.69,40.12],[-74.7,40.12],[-74.71,40.12],[-74.71,40.11],[-74.72,40.11],[-74.72,40.12],[-74.73,40.12],[-74.74,40.12],[-74.74,40.13],[-74.75,40.13],[-74.75,40.12],[-74.76,40.12],[-74.77,40.12],[-74.77,40.11],[-74.76,40.11],[-74.76,40.1],[-74.75,40.1],[-74.76,40.1],[-74.76,40.09],[-74.77,40.08],[-74.77,40.07],[-74.77,40.06],[-74.78,40.06],[-74.78,40.07],[-74.78,40.06],[-74.79,40.06],[-74.79,40.07],[-74.79,40.06],[-74.8,40.06],[-74.8,40.07],[-74.81,40.07],[-74.81,40.08],[-74.81,40.07],[-74.81,40.06],[-74.81,40.05],[-74.8,40.05],[-74.8,40.04],[-74.81,40.04],[-74.82,40.04],[-74.82,40.03],[-74.82,40.02],[-74.83,40.02],[-74.83,40.03],[-74.84,40.03],[-74.85,40.03],[-74.86,40.03],[-74.86,40.02],[-74.86,40.01],[-74.87,40.01],[-74.87,40],[-74.86,40],[-74.86,39.99],[-74.85,39.99],[-74.85,39.98],[-74.86,39.98],[-74.86,39.97],[-74.86,39.96],[-74.86,39.95],[-74.86,39.94],[-74.86,39.93],[-74.86,39.92],[-74.87,39.92],[-74.88,39.92],[-74.89,39.92],[-74.9,39.92],[-74.91,39.92],[-74.92,39.92],[-74.93,39.92],[-74.94,39.91],[-74.95,39.91],[-74.96,39.91],[-74.96,39.92],[-74.97,39.92],[-74.98,39.92],[-74.98,39.93],[-74.97,39.93],[-74.97,39.94],[-74.97,39.95],[-74.98,39.95],[-74.98,39.96],[-74.99,39.96],[-75,39.96],[-75,39.97],[-74.99,39.97],[-75,39.97],[-75.01,39.97],[-75.02,39.97],[-75.02,39.98],[-75.02,39.97],[-75.02,39.98],[-75.01,39.98],[-75.02,39.98],[-75.01,39.98],[-75.02,39.98],[-75.02,39.99],[-75.03,39.99],[-75.03,40],[-75.04,40],[-75.04,39.99],[-75.05,39.99],[-75.06,39.99]]]},"properties":{"SLDL":"007","NAME":"Assembly District 07","GEOID":"34007"}},{"type":"Feature","geometry":{"type":"Polygon","coordinates":[[[-74.27,40.2],[-74.27,40.21],[-74.26,40.21],[-74.26,40.22],[-74.25,40.23],[-74.25,40.24],[-74.24,40.24],[-74.24,40.25],[-74.23,40.25],[-74.23,40.26],[-74.22,40.26],[-74.21,40.26],[-74.2,40.26],[-74.19,40.26],[-74.18,40.26],[-74.17,40.26],[-74.17,40.25],[-74.16,40.25],[-74.15,40.25],[-74.14,40.25],[-74.13,40.25],[-74.12,40.25],[-74.12,40.24],[-74.12,40.23],[-74.13,40.23],[-74.12,40.23],[-74.12,40.22],[-74.11,40.22],[-74.11,40.21],[-74.11,40.22],[-74.11,40.21],[-74.1,40.21],[-74.09,40.21],[-74.09,40.2],[-74.08,40.2],[-74.09,40.2],[-74.08,40.2],[-74.07,40.2],[-74.06,40.2],[-74.06,40.19],[-74.05,40.19],[-74.05,40.18],[-74.04,40.18],[-74.03,40.18],[-74.03,40.19],[-74.03,40.18],[-74.03,40.19],[-74.02,40.19],[-74.02,40.2],[-74.01,40.2],[-74,40.2],[-74.01,40.19],[-74.01,40.18],[-74.01,40.17],[-74.02,40.17],[-74.03,40.17],[-74.03,40.16],[-74.04,40.16],[-74.05,40.16],[-74.05,40.15],[-74.05,40.14],[-74.04,40.14],[-74.05,40.13],[-74.06,40.13],[-74.06,40.12],[-74.07,40.12],[-74.07,40.11],[-74.08,40.11],[-74.08,40.1],[-74.09,40.1],[-74.09,40.11],[-74.09,40.12],[-74.1,40.12],[-74.1,40.13],[-74.11,40.13],[-74.1,40.13],[-74.11,40.13],[-74.11,40.14],[-74.11,40.13],[-74.11,40.14],[-74.11,40.13],[-74.12,40.13],[-74.12,40.12],[-74.13,40.12],[-74.13,40.11],[-74.14,40.11],[-74.14,40.1],[-74.15,40.1],[-74.16,40.1],[-74.15,40.1],[-74.16,40.1],[-74.15,40.1],[-74.16,40.1],[-74.15,40.1],[-74.15,40.09],[-74.15,40.08],[-74.16,40.08],[-74.16,40.07],[-74.16,40.06],[-74.16,40.05],[-74.16,40.04],[-74.16,40.03],[-74.16,40.02],[-74.17,40.03],[-74.18,40.03],[-74.19,40.03],[-74.19,40.04],[-74.2,40.04],[-74.21,40.04],[-74.22,40.05],[-74.23,40.05],[-74.24,40.05],[-74.25,40.06],[-74.25,40.07],[-74.25,40.08],[-74.26,40.08],[-74.26,40.09],[-74.26,40.1],[-74.26,40.11],[-74.26,40.12],[-74.25,40.12],[-74.25,40.11],[-74.24,40.12],[-74.25,40.12],[-74.24,40.12],[-74.25,40.12],[-74.24,40.12],[-74.24,40.13],[-74.25,40.13],[-74.25,40.14],[-74.25,40.15],[-74.26,40.15],[-74.26,40.16],[-74.26,40.17],[-74.27,40.17],[-74.27,40.18],[-74.27,40.19],[-74.27,40.2]]]},"properties":{"SLDL":"030","NAME":"Assembly District 30","GEOID":"34030"}},{"type":"Feature","geometry":{"type":"Polygon","coordinates":[[[-74.15,40.79],[-74.14,40.79],[-74.14,40.8],[-74.14,40.81],[-74.14,40.82],[-74.13,40.82],[-74.12,40.82],[-74.12,40.83],[-74.12,40.84],[-74.13,40.84],[-74.14,40.84],[-74.14,40.85],[-74.15,40.85],[-74.14,40.85],[-74.14,40.86],[-74.14,40.87],[-74.13,40.87],[-74.12,40.87],[-74.12,40.88],[-74.11,40.88],[-74.11,40.87],[-74.11,40.86],[-74.1,40.86],[-74.09,40.86],[-74.09,40.87],[-74.09,40.86],[-74.09,40.85],[-74.08,40.85],[-74.08,40.84],[-74.07,40.84],[-74.07,40.83],[-74.06,40.83],[-74.06,40.84],[-74.06,40.83],[-74.05,40.83],[-74.04,40.83],[-74.03,40.83],[-74.03,40.84],[-74.03,40.85],[-74.03,40.84],[-74.02,40.84],[-74.01,40.84],[-74.01,40.85],[-74.01,40.84],[-74,40.84],[-73.99,40.84],[-73.99,40.83],[-73.98,40.83],[-73.97,40.83],[-73.97,40.84],[-73.97,40.85],[-73.96,40.85],[-73.95,40.85],[-73.96,40.84],[-73.96,40.83],[-73.97,40.83],[-73.97,40.82],[-73.97,40.81],[-73.98,40.81],[-73.98,40.8],[-73.99,40.8],[-73.99,40.81],[-74,40.81],[-74.01,40.81],[-74.01,40.82],[-74.02,40.82],[-74.03,40.82],[-74.02,40.82],[-74.02,40.81],[-74.03,40.81],[-74.03,40.82],[-74.03,40.81],[-74.04,40.81],[-74.05,40.81],[-74.06,40.81],[-74.06,40.8],[-74.07,40.8],[-74.08,40.8],[-74.08,40.79],[-74.08,40.78],[-74.09,40.78],[-74.09,40.77],[-74.09,40.76],[-74.1,40.76],[-74.1,40.77],[-74.1,40.78],[-74.11,40.78],[-74.11,40.77],[-74.12,40.77],[-74.13,40.77],[-74.13,40.78],[-74.14,40.78],[-74.15,40.79]]]},"properties":{"SLDL":"036","NAME":"Assembly District 36","GEOID":"34036"}},{"type":"Feature","geometry":{"type":"Polygon","coordinates":[[[-74.17,40.76],[-74.16,40.76],[-74.16,40.77],[-74.15,40.77],[-74.15,40.78],[-74.15,40.79],[-74.14,40.78],[-74.13,40.78],[-74.13,40.77],[-74.12,40.77],[-74.11,40.77],[-74.11,40.78],[-74.1,40.78],[-74.1,40.77],[-74.1,40.76],[-74.09,40.76],[-74.09,40.75],[-74.1,40.75],[-74.09,40.75],[-74.08,40.75],[-74.08,40.74],[-74.09,40.74],[-74.09,40.73],[-74.08,40.73],[-74.07,40.73],[-74.07,40.72],[-74.07,40.73],[-74.07,40.72],[-74.06,40.72],[-74.05,40.72],[-74.04,40.71],[-74.03,40.71],[-74.03,40.7],[-74.03,40.69],[-74.04,40.69],[-74.04,40.68],[-74.04,40.67],[-74.05,40.67],[-74.05,40.66],[-74.05,40.65],[-74.06,40.65],[-74.07,40.65],[-74.09,40.65],[-74.1,40.65],[-74.11,40.65],[-74.12,40.65],[-74.12,40.64],[-74.13,40.64],[-74.14,40.64],[-74.15,40.64],[-74.16,40.64],[-74.16,40.65],[-74.15,40.66],[-74.14,40.66],[-74.14,40.67],[-74.14,40.68],[-74.13,40.68],[-74.12,40.69],[-74.12,40.7],[-74.11,40.7],[-74.11,40.71],[-74.12,40.71],[-74.12,40.72],[-74.12,40.73],[-74.12,40.74],[-74.14,40.74],[-74.14,40.75],[-74.15,40.75],[-74.14,40.75],[-74.15,40.75],[-74.16,40.75],[-74.17,40.76]]]},"properties":{"SLDL":"031","NAME":"Assembly District 31","GEOID":"34031"}},{"type":"Feature","geometry":{"type":"Polygon","coordinates":[[[-74.09,40.75],[-74.09,40.76],[-74.09,40.77],[-74.09,40.78],[-74.08,40.78],[-74.08,40.79],[-74.08,40.8],[-74.07,40.8],[-74.06,40.8],[-74.06,40.81],[-74.05,40.81],[-74.04,40.81],[-74.03,40.81],[-74.03,40.82],[-74.03,40.81],[-74.02,40.81],[-74.02,40.82],[-74.03,40.82],[-74.02,40.82],[-74.01,40.82],[-74.01,40.81],[-74,40.81],[-73.99,40.81],[-73.99,40.8],[-73.98,40.8],[-73.99,40.8],[-73.99,40.79],[-73.99,40.78],[-74,40.78],[-74,40.77],[-74.01,40.77],[-74.01,40.76],[-74.02,40.76],[-74.03,40.76],[-74.04,40.75],[-74.04,40.76],[-74.05,40.76],[-74.06,40.77],[-74.06,40.76],[-74.07,40.76],[-74.08,40.76],[-74.08,40.75],[-74.09,40.75],[-74.1,40.75],[-74.09,40.75]]]},"properties":{"SLDL":"033","NAME":"Assembly District 33","GEOID":"34033"}},{"type":"Feature","geometry":{"type":"Polygon","coordinates":[[[-74.21,40.74],[-74.21,40.75],[-74.2,40.75],[-74.2,40.76],[-74.19,40.76],[-74.19,40.77],[-74.18,40.77],[-74.18,40.78],[-74.17,40.78],[-74.17,40.79],[-74.16,40.79],[-74.16,40.78],[-74.15,40.78],[-74.15,40.77],[-74.16,40.77],[-74.16,40.76],[-74.17,40.76],[-74.16,40.75],[-74.15,40.75],[-74.14,40.75],[-74.15,40.75],[-74.14,40.75],[-74.14,40.74],[-74.12,40.74],[-74.12,40.73],[-74.12,40.72],[-74.12,40.71],[-74.11,40.71],[-74.11,40.7],[-74.12,40.7],[-74.12,40.69],[-74.13,40.68],[-74.14,40.68],[-74.14,40.67],[-74.14,40.68],[-74.15,40.68],[-74.15,40.69],[-74.16,40.69],[-74.17,40.69],[-74.18,40.69],[-74.19,40.69],[-74.2,40.69],[-74.2,40.7],[-74.19,40.7],[-74.19,40.71],[-74.19,40.72],[-74.2,40.72],[-74.2,40.73],[-74.2,40.74],[-74.21,40.74]]]},"properties":{"SLDL":"029","NAME":"Assembly District 29","GEOID":"34029"}},{"type":"Feature","geometry":{"type":"Polygon","coordinates":[[[-74.38,40.76],[-74.37,40.76],[-74.37,40.77],[-74.37,40.78],[-74.37,40.79],[-74.37,40.8],[-74.36,40.8],[-74.35,40.8],[-74.35,40.81],[-74.34,40.81],[-74.34,40.82],[-74.33,40.82],[-74.33,40.83],[-74.33,40.84],[-74.32,40.84],[-74.32,40.83],[-74.31,40.83],[-74.3,40.83],[-74.29,40.83],[-74.29,40.82],[-74.28,40.82],[-74.28,40.81],[-74.28,40.82],[-74.27,40.82],[-74.27,40.83],[-74.26,40.83],[-74.25,40.83],[-74.25,40.82],[-74.24,40.82],[-74.23,40.81],[-74.23,40.82],[-74.23,40.83],[-74.22,40.83],[-74.22,40.84],[-74.21,40.84],[-74.21,40.85],[-74.21,40.86],[-74.2,40.86],[-74.19,40.86],[-74.19,40.87],[-74.19,40.88],[-74.18,40.88],[-74.18,40.89],[-74.18,40.9],[-74.17,40.9],[-74.17,40.89],[-74.16,40.89],[-74.15,40.89],[-74.14,40.89],[-74.13,40.89],[-74.13,40.88],[-74.12,40.88],[-74.12,40.87],[-74.13,40.87],[-74.14,40.87],[-74.14,40.86],[-74.14,40.85],[-74.15,40.85],[-74.14,40.85],[-74.14,40.84],[-74.13,40.84],[-74.12,40.84],[-74.12,40.83],[-74.12,40.82],[-74.13,40.82],[-74.14,40.82],[-74.14,40.83],[-74.15,40.83],[-74.16,40.83],[-74.16,40.84],[-74.17,40.84],[-74.18,40.85],[-74.19,40.84],[-74.19,40.83],[-74.2,40.83],[-74.2,40.82],[-74.2,40.81],[-74.21,40.81],[-74.21,40.8],[-74.22,40.8],[-74.22,40.79],[-74.23,40.78],[-74.24,40.78],[-74.24,40.77],[-74.25,40.77],[-74.25,40.76],[-74.26,40.76],[-74.27,40.76],[-74.28,40.76],[-74.29,40.76],[-74.29,40.75],[-74.29,40.74],[-74.29,40.73],[-74.29,40.72],[-74.28,40.72],[-74.29,40.72],[-74.3,40.72],[-74.3,40.71],[-74.31,40.71],[-74.31,40.72],[-74.32,40.72],[-74.33,40.72],[-74.34,40.72],[-74.34,40.73],[-74.35,40.73],[-74.36,40.73],[-74.36,40.74],[-74.37,40.74],[-74.36,40.74],[-74.36,40.75],[-74.37,40.75],[-74.36,40.75],[-74.36,40.76],[-74.37,40.76],[-74.38,40.76]]]},"properties":{"SLDL":"027","NAME":"Assembly District 27","GEOID":"34027"}},{"type":"Feature","geometry":{"type":"Polygon","coordinates":[[[-74.5,39.97],[-74.49,39.98],[-74.48,39.98],[-74.47,39.98],[-74.45,39.99],[-74.44,39.99],[-74.43,40],[-74.42,40],[-74.41,40],[-74.41,40.01],[-74.4,40.01],[-74.39,40.01],[-74.38,40.01],[-74.38,40.02],[-74.37,40.02],[-74.36,40.02],[-74.35,40.02],[-74.35,40.03],[-74.34,40.03],[-74.33,40.03],[-74.32,40.03],[-74.32,40.04],[-74.31,40.04],[-74.3,40.04],[-74.29,40.05],[-74.28,40.05],[-74.27,40.05],[-74.27,40.06],[-74.27,40.05],[-74.27,40.06],[-74.27,40.05],[-74.26,40.05],[-74.25,40.05],[-74.26,40.05],[-74.25,40.05],[-74.25,40.04],[-74.25,40.05],[-74.25,40.04],[-74.25,40.03],[-74.25,40.02],[-74.25,40.03],[-74.25,40.02],[-74.24,40.02],[-74.25,40.02],[-74.24,40.02],[-74.24,40.01],[-74.24,40.02],[-74.24,40.01],[-74.23,40.01],[-74.24,40.01],[-74.23,40.01],[-74.23,40],[-74.24,40],[-74.25,39.99],[-74.27,39.99],[-74.27,39.98],[-74.26,39.98],[-74.25,39.98],[-74.25,39.97],[-74.24,39.97],[-74.23,39.97],[-74.23,39.96],[-74.22,39.96],[-74.22,39.95],[-74.21,39.95],[-74.2,39.95],[-74.21,39.95],[-74.21,39.94],[-74.22,39.95],[-74.23,39.95],[-74.22,39.94],[-74.22,39.93],[-74.22,39.94],[-74.21,39.94],[-74.2,39.94],[-74.19,39.94],[-74.19,39.95],[-74.19,39.94],[-74.18,39.94],[-74.17,39.94],[-74.16,39.94],[-74.15,39.94],[-74.14,39.94],[-74.14,39.93],[-74.13,39.93],[-74.13,39.94],[-74.12,39.94],[-74.11,39.94],[-74.1,39.94],[-74.09,39.94],[-74.08,39.94],[-74.08,39.95],[-74.08,39.94],[-74.08,39.93],[-74.08,39.92],[-74.09,39.91],[-74.08,39.91],[-74.08,39.92],[-74.07,39.92],[-74.07,39.93],[-74.07,39.94],[-74.07,39.95],[-74.07,39.96],[-74.07,39.97],[-74.06,39.97],[-74.06,39.98],[-74.06,39.99],[-74.06,40],[-74.06,40.01],[-74.06,40.02],[-74.05,40.02],[-74.05,40.03],[-74.05,40.04],[-74.05,40.05],[-74.05,40.06],[-74.04,40.06],[-74.04,40.07],[-74.04,40.08],[-74.04,40.09],[-74.03,40.09],[-74.03,40.1],[-74.01,40.1],[-74,40.1],[-73.97,40.1],[-73.97,40.09],[-73.97,40.08],[-73.99,40.02],[-73.99,40.01],[-73.99,40],[-74,39.99],[-74,39.98],[-74.01,39.94],[-74.02,39.88],[-74.02,39.86],[-74.03,39.83],[-74.03,39.81],[-74.03,39.79],[-74.03,39.77],[-74.03,39.76],[-74.04,39.75],[-74.04,39.74],[-74.05,39.72],[-74.06,39.71],[-74.07,39.69],[-74.08,39.67],[-74.1,39.65],[-74.11,39.63],[-74.12,39.62],[-74.15,39.58],[-74.18,39.53],[-74.21,39.5],[-74.23,39.48],[-74.25,39.48],[-74.29,39.48],[-74.3,39.48],[-74.31,39.5],[-74.32,39.5],[-74.32,39.51],[-74.33,39.51],[-74.34,39.51],[-74.35,39.51],[-74.36,39.51],[-74.36,39.5],[-74.37,39.5],[-74.38,39.5],[-74.38,39.51],[-74.39,39.51],[-74.39,39.52],[-74.4,39.53],[-74.4,39.54],[-74.41,39.54],[-74.41,39.55],[-74.42,39.55],[-74.42,39.56],[-74.41,39.56],[-74.42,39.56],[-74.42,39.57],[-74.41,39.57],[-74.4,39.57],[-74.4,39.58],[-74.4,39.59],[-74.39,39.59],[-74.4,39.59],[-74.39,39.59],[-74.39,39.6],[-74.39,39.61],[-74.39,39.62],[-74.39,39.63],[-74.39,39.64],[-74.39,39.65],[-74.39,39.66],[-74.39,39.67],[-74.39,39.68],[-74.39,39.69],[-74.39,39.7],[-74.39,39.71],[-74.39,39.72],[-74.39,39.73],[-74.39,39.74],[-74.39,39.75],[-74.39,39.76],[-74.39,39.77],[-74.39,39.78],[-74.4,39.79],[-74.4,39.8],[-74.41,39.8],[-74.41,39.81],[-74.41,39.82],[-74.42,39.82],[-74.42,39.83],[-74.43,39.84],[-74.43,39.85],[-74.44,39.86],[-74.44,39.87],[-74.44,39.88],[-74.45,39.88],[-74.45,39.89],[-74.46,39.9],[-74.47,39.91],[-74.47,39.92],[-74.47,39.93],[-74.48,39.93],[-74.48,39.94],[-74.48,39.95],[-74.49,39.95],[-74.49,39.96],[-74.49,39.97],[-74.5,39.97]]]},"properties":{"SLDL":"009","NAME":"Assembly District 09","GEOID":"34009"}},{"type":"Feature","geometry":{"type":"Polygon","coordinates":[[[-75.13,39.62],[-75.12,39.63],[-75.11,39.63],[-75.11,39.64],[-75.1,39.64],[-75.09,39.64],[-75.07,39.65],[-75.06,39.65],[-75.05,39.65],[-75.05,39.66],[-75.04,39.66],[-75.03,39.66],[-75.04,39.67],[-75.05,39.67],[-75.05,39.68],[-75.06,39.68],[-75.07,39.69],[-75.08,39.7],[-75.09,39.7],[-75.09,39.71],[-75.09,39.72],[-75.1,39.72],[-75.1,39.73],[-75.11,39.73],[-75.11,39.74],[-75.12,39.74],[-75.12,39.75],[-75.12,39.76],[-75.11,39.76],[-75.12,39.76],[-75.12,39.77],[-75.13,39.77],[-75.12,39.77],[-75.11,39.78],[-75.1,39.78],[-75.1,39.79],[-75.09,39.79],[-75.09,39.8],[-75.09,39.79],[-75.08,39.79],[-75.08,39.8],[-75.08,39.81],[-75.09,39.81],[-75.09,39.82],[-75.08,39.82],[-75.09,39.82],[-75.09,39.83],[-75.08,39.83],[-75.09,39.83],[-75.08,39.83],[-75.08,39.84],[-75.09,39.84],[-75.08,39.84],[-75.07,39.84],[-75.07,39.85],[-75.06,39.85],[-75.05,39.85],[-75.04,39.85],[-75.04,39.84],[-75.03,39.84],[-75.03,39.83],[-75.04,39.83],[-75.03,39.83],[-75.03,39.82],[-75.03,39.81],[-75.02,39.81],[-75.02,39.8],[-75.01,39.8],[-75.01,39.79],[-75.01,39.78],[-75,39.78],[-74.99,39.78],[-74.98,39.78],[-74.98,39.77],[-74.97,39.77],[-74.96,39.77],[-74.96,39.78],[-74.95,39.78],[-74.94,39.78],[-74.93,39.78],[-74.92,39.78],[-74.91,39.78],[-74.91,39.79],[-74.9,39.79],[-74.9,39.78],[-74.89,39.78],[-74.88,39.78],[-74.87,39.78],[-74.86,39.78],[-74.86,39.79],[-74.85,39.79],[-74.84,39.79],[-74.83,39.79],[-74.82,39.79],[-74.81,39.79],[-74.81,39.78],[-74.8,39.78],[-74.8,39.77],[-74.79,39.77],[-74.78,39.77],[-74.78,39.76],[-74.78,39.75],[-74.77,39.75],[-74.76,39.75],[-74.76,39.74],[-74.75,39.74],[-74.74,39.73],[-74.74,39.72],[-74.75,39.72],[-74.75,39.71],[-74.77,39.7],[-74.78,39.69],[-74.79,39.69],[-74.79,39.68],[-74.8,39.68],[-74.8,39.67],[-74.81,39.66],[-74.82,39.66],[-74.83,39.65],[-74.84,39.64],[-74.85,39.64],[-74.85,39.63],[-74.86,39.63],[-74.86,39.62],[-74.87,39.62],[-74.87,39.61],[-74.88,39.61],[-74.88,39.6],[-74.87,39.59],[-74.86,39.59],[-74.86,39.58],[-74.85,39.58],[-74.84,39.58],[-74.84,39.57],[-74.83,39.57],[-74.83,39.56],[-74.83,39.55],[-74.84,39.55],[-74.85,39.55],[-74.85,39.54],[-74.86,39.53],[-74.87,39.52],[-74.87,39.51],[-74.86,39.51],[-74.86,39.5],[-74.86,39.49],[-74.86,39.48],[-74.85,39.48],[-74.85,39.47],[-74.85,39.46],[-74.85,39.45],[-74.84,39.45],[-74.84,39.44],[-74.84,39.43],[-74.84,39.42],[-74.85,39.42],[-74.86,39.42],[-74.86,39.43],[-74.87,39.43],[-74.87,39.44],[-74.88,39.44],[-74.89,39.45],[-74.9,39.45],[-74.9,39.46],[-74.91,39.46],[-74.92,39.47],[-74.93,39.47],[-74.93,39.48],[-74.94,39.48],[-74.94,39.49],[-74.95,39.49],[-74.96,39.5],[-74.97,39.5],[-74.97,39.51],[-74.98,39.51],[-74.98,39.52],[-74.99,39.52],[-75,39.52],[-75,39.53],[-75.01,39.53],[-75.02,39.54],[-75.03,39.54],[-75.03,39.55],[-75.04,39.55],[-75.04,39.56],[-75.05,39.56],[-75.06,39.56],[-75.06,39.57],[-75.07,39.58],[-75.08,39.58],[-75.09,39.59],[-75.1,39.59],[-75.1,39.6],[-75.11,39.6],[-75.12,39.61],[-75.13,39.62]]]},"properties":{"SLDL":"004","NAME":"Assembly District 04","GEOID":"34004"}},{"type":"Feature","geometry":{"type":"Polygon","coordinates":[[[-74.07,40.88],[-74.06,40.88],[-74.06,40.89],[-74.06,40.9],[-74.06,40.91],[-74.05,40.91],[-74.04,40.91],[-74.03,40.91],[-74.03,40.92],[-74.02,40.92],[-74.02,40.91],[-74.01,40.91],[-74,40.91],[-73.99,40.91],[-73.98,40.91],[-73.98,40.92],[-73.98,40.93],[-73.97,40.93],[-73.97,40.94],[-73.96,40.94],[-73.96,40.93],[-73.95,40.93],[-73.94,40.93],[-73.94,40.92],[-73.93,40.92],[-73.92,40.91],[-73.92,40.9],[-73.93,40.9],[-73.93,40.89],[-73.93,40.88],[-73.94,40.88],[-73.94,40.87],[-73.95,40.86],[-73.95,40.85],[-73.96,40.85],[-73.97,40.85],[-73.97,40.84],[-73.97,40.83],[-73.98,40.83],[-73.99,40.83],[-73.99,40.84],[-74,40.84],[-74.01,40.84],[-74.01,40.85],[-74.01,40.84],[-74.02,40.84],[-74.03,40.84],[-74.03,40.85],[-74.03,40.86],[-74.04,40.86],[-74.04,40.87],[-74.05,40.87],[-74.06,40.87],[-74.07,40.88]]]},"properties":{"SLDL":"037","NAME":"Assembly District 37","GEOID":"34037"}},{"type":"Feature","geometry":{"type":"Polygon","coordinates":[[[-74.47,40.61],[-74.46,40.61],[-74.46,40.62],[-74.45,40.62],[-74.45,40.63],[-74.44,40.63],[-74.43,40.63],[-74.43,40.64],[-74.42,40.64],[-74.41,40.64],[-74.41,40.65],[-74.4,40.65],[-74.4,40.66],[-74.4,40.67],[-74.39,40.67],[-74.39,40.68],[-74.39,40.67],[-74.38,40.67],[-74.38,40.66],[-74.37,40.66],[-74.37,40.65],[-74.36,40.65],[-74.36,40.64],[-74.35,40.64],[-74.35,40.63],[-74.34,40.63],[-74.34,40.62],[-74.33,40.63],[-74.33,40.62],[-74.32,40.63],[-74.31,40.64],[-74.32,40.64],[-74.32,40.65],[-74.31,40.65],[-74.31,40.66],[-74.32,40.66],[-74.33,40.66],[-74.33,40.67],[-74.32,40.67],[-74.32,40.68],[-74.31,40.68],[-74.31,40.67],[-74.3,40.67],[-74.29,40.67],[-74.28,40.67],[-74.28,40.66],[-74.28,40.67],[-74.28,40.66],[-74.28,40.67],[-74.27,40.67],[-74.26,40.67],[-74.25,40.67],[-74.25,40.66],[-74.26,40.66],[-74.27,40.66],[-74.28,40.66],[-74.28,40.65],[-74.27,40.65],[-74.27,40.64],[-74.26,40.64],[-74.25,40.64],[-74.25,40.65],[-74.24,40.65],[-74.23,40.65],[-74.23,40.66],[-74.23,40.65],[-74.22,40.65],[-74.22,40.64],[-74.21,40.64],[-74.2,40.64],[-74.2,40.63],[-74.2,40.62],[-74.2,40.61],[-74.2,40.6],[-74.2,40.59],[-74.21,40.59],[-74.21,40.6],[-74.22,40.6],[-74.23,40.6],[-74.24,40.6],[-74.25,40.6],[-74.26,40.6],[-74.27,40.6],[-74.27,40.59],[-74.28,40.59],[-74.29,40.59],[-74.3,40.59],[-74.3,40.6],[-74.31,40.6],[-74.3,40.6],[-74.3,40.61],[-74.31,40.61],[-74.3,40.61],[-74.31,40.61],[-74.32,40.61],[-74.33,40.61],[-74.34,40.61],[-74.34,40.6],[-74.35,40.6],[-74.36,40.6],[-74.37,40.6],[-74.38,40.6],[-74.39,40.6],[-74.4,40.6],[-74.41,40.6],[-74.42,40.6],[-74.43,40.6],[-74.44,40.6],[-74.45,40.6],[-74.46,40.6],[-74.46,40.59],[-74.46,40.6],[-74.46,40.61],[-74.47,40.61]]]},"properties":{"SLDL":"022","NAME":"Assembly District 22","GEOID":"34022"}},{"type":"Feature","geometry":{"type":"Polygon","coordinates":[[[-74.31,40.67],[-74.31,40.68],[-74.31,40.69],[-74.31,40.7],[-74.3,40.7],[-74.3,40.71],[-74.3,40.72],[-74.29,40.72],[-74.28,40.72],[-74.27,40.72],[-74.26,40.72],[-74.26,40.71],[-74.25,40.71],[-74.24,40.71],[-74.25,40.71],[-74.25,40.7],[-74.24,40.7],[-74.24,40.69],[-74.23,40.69],[-74.23,40.68],[-74.22,40.68],[-74.22,40.67],[-74.22,40.68],[-74.22,40.69],[-74.21,40.69],[-74.2,40.69],[-74.19,40.69],[-74.18,40.69],[-74.17,40.69],[-74.16,40.69],[-74.15,40.69],[-74.15,40.68],[-74.14,40.68],[-74.14,40.67],[-74.14,40.66],[-74.15,40.66],[-74.16,40.65],[-74.16,40.64],[-74.17,40.65],[-74.18,40.65],[-74.19,40.65],[-74.19,40.64],[-74.2,40.64],[-74.2,40.63],[-74.2,40.64],[-74.21,40.64],[-74.22,40.64],[-74.22,40.65],[-74.23,40.65],[-74.23,40.66],[-74.23,40.65],[-74.24,40.65],[-74.25,40.65],[-74.25,40.64],[-74.26,40.64],[-74.27,40.64],[-74.27,40.65],[-74.28,40.65],[-74.28,40.66],[-74.27,40.66],[-74.26,40.66],[-74.25,40.66],[-74.25,40.67],[-74.26,40.67],[-74.27,40.67],[-74.28,40.67],[-74.28,40.66],[-74.28,40.67],[-74.28,40.66],[-74.28,40.67],[-74.29,40.67],[-74.3,40.67],[-74.31,40.67]]]},"properties":{"SLDL":"020","NAME":"Assembly District 20","GEOID":"34020"}},{"type":"Feature","geometry":{"type":"Polygon","coordinates":[[[-74.39,40.46],[-74.38,40.46],[-74.38,40.47],[-74.38,40.48],[-74.37,40.48],[-74.37,40.47],[-74.36,40.47],[-74.36,40.48],[-74.35,40.48],[-74.34,40.48],[-74.33,40.48],[-74.33,40.49],[-74.33,40.5],[-74.33,40.51],[-74.33,40.52],[-74.32,40.52],[-74.32,40.53],[-74.32,40.54],[-74.33,40.54],[-74.33,40.55],[-74.33,40.56],[-74.33,40.57],[-74.34,40.57],[-74.34,40.58],[-74.34,40.59],[-74.34,40.6],[-74.34,40.61],[-74.33,40.61],[-74.32,40.61],[-74.31,40.61],[-74.3,40.61],[-74.31,40.61],[-74.3,40.61],[-74.3,40.6],[-74.31,40.6],[-74.3,40.6],[-74.3,40.59],[-74.29,40.59],[-74.28,40.59],[-74.27,40.59],[-74.27,40.6],[-74.26,40.6],[-74.25,40.6],[-74.24,40.6],[-74.23,40.6],[-74.22,40.6],[-74.21,40.6],[-74.21,40.59],[-74.2,40.59],[-74.21,40.59],[-74.21,40.58],[-74.21,40.57],[-74.22,40.56],[-74.23,40.56],[-74.24,40.55],[-74.25,40.55],[-74.25,40.54],[-74.25,40.53],[-74.25,40.52],[-74.25,40.51],[-74.26,40.51],[-74.26,40.5],[-74.26,40.49],[-74.25,40.49],[-74.25,40.48],[-74.24,40.48],[-74.25,40.48],[-74.26,40.46],[-74.27,40.46],[-74.27,40.45],[-74.27,40.44],[-74.28,40.44],[-74.28,40.45],[-74.29,40.45],[-74.3,40.45],[-74.3,40.46],[-74.31,40.46],[-74.31,40.45],[-74.32,40.45],[-74.32,40.44],[-74.33,40.44],[-74.33,40.43],[-74.34,40.43],[-74.35,40.43],[-74.35,40.42],[-74.36,40.42],[-74.36,40.43],[-74.35,40.43],[-74.36,40.43],[-74.36,40.44],[-74.36,40.45],[-74.37,40.45],[-74.37,40.46],[-74.38,40.46],[-74.38,40.45],[-74.38,40.46],[-74.39,40.46]]]},"properties":{"SLDL":"019","NAME":"Assembly District 19","GEOID":"34019"}},{"type":"Feature","geometry":{"type":"Polygon","coordinates":[[[-74.29,40.75],[-74.29,40.76],[-74.28,40.76],[-74.27,40.76],[-74.26,40.76],[-74.25,40.76],[-74.25,40.75],[-74.24,40.75],[-74.23,40.75],[-74.22,40.75],[-74.22,40.74],[-74.22,40.75],[-74.21,40.75],[-74.21,40.74],[-74.2,40.74],[-74.2,40.73],[-74.2,40.72],[-74.19,40.72],[-74.19,40.71],[-74.19,40.7],[-74.2,40.7],[-74.2,40.69],[-74.21,40.69],[-74.22,40.69],[-74.22,40.68],[-74.22,40.67],[-74.22,40.68],[-74.23,40.68],[-74.23,40.69],[-74.24,40.69],[-74.24,40.7],[-74.25,40.7],[-74.25,40.71],[-74.24,40.71],[-74.25,40.71],[-74.26,40.71],[-74.26,40.72],[-74.27,40.72],[-74.28,40.72],[-74.29,40.72],[-74.29,40.73],[-74.29,40.74],[-74.29,40.75]]]},"properties":{"SLDL":"028","NAME":"Assembly District 28","GEOID":"34028"}},{"type":"Feature","geometry":{"type":"Polygon","coordinates":[[[-75.07,40.46],[-75.07,40.47],[-75.07,40.48],[-75.06,40.48],[-75.06,40.49],[-75.06,40.5],[-75.06,40.51],[-75.06,40.52],[-75.07,40.52],[-75.06,40.52],[-75.06,40.53],[-75.07,40.53],[-75.07,40.54],[-75.06,40.54],[-75.05,40.54],[-75.03,40.55],[-75.01,40.55],[-75,40.55],[-75,40.56],[-74.99,40.56],[-74.98,40.55],[-74.98,40.54],[-74.97,40.53],[-74.97,40.52],[-74.96,40.52],[-74.96,40.51],[-74.95,40.51],[-74.95,40.5],[-74.95,40.51],[-74.94,40.51],[-74.94,40.52],[-74.93,40.52],[-74.93,40.51],[-74.93,40.5],[-74.93,40.49],[-74.92,40.49],[-74.92,40.48],[-74.92,40.49],[-74.92,40.48],[-74.91,40.48],[-74.9,40.48],[-74.9,40.47],[-74.89,40.47],[-74.88,40.47],[-74.88,40.46],[-74.88,40.45],[-74.87,40.45],[-74.88,40.45],[-74.87,40.44],[-74.86,40.44],[-74.86,40.45],[-74.86,40.44],[-74.85,40.44],[-74.85,40.45],[-74.84,40.45],[-74.84,40.46],[-74.83,40.46],[-74.83,40.47],[-74.82,40.47],[-74.82,40.48],[-74.81,40.48],[-74.8,40.48],[-74.79,40.48],[-74.78,40.49],[-74.78,40.48],[-74.78,40.47],[-74.77,40.47],[-74.77,40.46],[-74.77,40.45],[-74.76,40.45],[-74.76,40.44],[-74.75,40.44],[-74.75,40.43],[-74.75,40.42],[-74.74,40.41],[-74.74,40.4],[-74.73,40.4],[-74.73,40.39],[-74.73,40.38],[-74.72,40.38],[-74.72,40.37],[-74.72,40.36],[-74.71,40.36],[-74.71,40.35],[-74.7,40.34],[-74.7,40.33],[-74.69,40.33],[-74.69,40.31],[-74.69,40.3],[-74.68,40.31],[-74.67,40.31],[-74.67,40.32],[-74.66,40.32],[-74.66,40.33],[-74.65,40.33],[-74.65,40.34],[-74.64,40.34],[-74.63,40.34],[-74.62,40.34],[-74.62,40.33],[-74.62,40.32],[-74.62,40.33],[-74.61,40.33],[-74.61,40.32],[-74.6,40.32],[-74.6,40.31],[-74.6,40.32],[-74.59,40.32],[-74.59,40.31],[-74.58,40.31],[-74.59,40.31],[-74.58,40.31],[-74.58,40.3],[-74.57,40.3],[-74.57,40.29],[-74.57,40.28],[-74.57,40.27],[-74.58,40.27],[-74.58,40.26],[-74.59,40.26],[-74.6,40.25],[-74.61,40.25],[-74.62,40.25],[-74.63,40.25],[-74.64,40.25],[-74.64,40.24],[-74.65,40.24],[-74.66,40.25],[-74.66,40.26],[-74.66,40.27],[-74.67,40.27],[-74.68,40.27],[-74.69,40.27],[-74.7,40.27],[-74.71,40.27],[-74.71,40.26],[-74.72,40.26],[-74.71,40.26],[-74.72,40.26],[-74.72,40.25],[-74.73,40.25],[-74.73,40.24],[-74.74,40.24],[-74.74,40.23],[-74.73,40.23],[-74.73,40.22],[-74.73,40.21],[-74.74,40.21],[-74.73,40.21],[-74.73,40.2],[-74.74,40.2],[-74.75,40.2],[-74.75,40.19],[-74.75,40.18],[-74.75,40.19],[-74.76,40.19],[-74.76,40.2],[-74.77,40.21],[-74.77,40.22],[-74.78,40.22],[-74.79,40.22],[-74.79,40.23],[-74.8,40.23],[-74.81,40.23],[-74.81,40.24],[-74.82,40.24],[-74.83,40.24],[-74.83,40.25],[-74.84,40.25],[-74.84,40.26],[-74.85,40.26],[-74.85,40.27],[-74.86,40.27],[-74.86,40.28],[-74.86,40.29],[-74.87,40.29],[-74.87,40.3],[-74.88,40.3],[-74.88,40.31],[-74.89,40.31],[-74.9,40.31],[-74.9,40.32],[-74.91,40.32],[-74.92,40.32],[-74.92,40.33],[-74.93,40.33],[-74.94,40.34],[-74.94,40.35],[-74.95,40.35],[-74.95,40.36],[-74.95,40.37],[-74.95,40.38],[-74.96,40.38],[-74.96,40.39],[-74.96,40.4],[-74.97,40.4],[-74.98,40.4],[-74.98,40.41],[-74.99,40.41],[-75,40.41],[-75.01,40.41],[-75.02,40.41],[-75.02,40.4],[-75.03,40.4],[-75.03,40.41],[-75.04,40.41],[-75.05,40.41],[-75.05,40.42],[-75.06,40.42],[-75.06,40.43],[-75.06,40.44],[-75.07,40.44],[-75.07,40.45],[-75.07,40.46]]]},"properties":{"SLDL":"015","NAME":"Assembly District 15","GEOID":"34015"}},{"type":"Feature","geometry":{"type":"Polygon","coordinates":[[[-74.53,40.83],[-74.53,40.84],[-74.53,40.85],[-74.53,40.86],[-74.53,40.87],[-74.53,40.88],[-74.52,40.88],[-74.52,40.89],[-74.51,40.89],[-74.5,40.89],[-74.5,40.9],[-74.5,40.91],[-74.49,40.91],[-74.5,40.91],[-74.49,40.91],[-74.5,40.91],[-74.49,40.91],[-74.5,40.92],[-74.49,40.92],[-74.48,40.92],[-74.48,40.93],[-74.47,40.93],[-74.46,40.93],[-74.46,40.94],[-74.45,40.94],[-74.45,40.93],[-74.46,40.93],[-74.47,40.92],[-74.46,40.92],[-74.45,40.92],[-74.45,40.91],[-74.44,40.91],[-74.44,40.9],[-74.43,40.9],[-74.42,40.9],[-74.42,40.91],[-74.43,40.91],[-74.42,40.91],[-74.41,40.91],[-74.41,40.92],[-74.4,40.92],[-74.4,40.91],[-74.39,40.92],[-74.39,40.93],[-74.4,40.92],[-74.4,40.93],[-74.4,40.94],[-74.4,40.95],[-74.4,40.96],[-74.39,40.96],[-74.38,40.96],[-74.37,40.96],[-74.36,40.96],[-74.36,40.95],[-74.35,40.95],[-74.34,40.95],[-74.33,40.95],[-74.33,40.96],[-74.33,40.97],[-74.33,40.98],[-74.33,40.99],[-74.33,41],[-74.33,41.01],[-74.34,41.01],[-74.35,41.01],[-74.35,41],[-74.35,41.01],[-74.36,41.01],[-74.36,41.02],[-74.36,41.03],[-74.35,41.04],[-74.35,41.05],[-74.35,41.06],[-74.34,41.06],[-74.34,41.07],[-74.33,41.08],[-74.33,41.09],[-74.33,41.1],[-74.32,41.1],[-74.32,41.11],[-74.31,41.12],[-74.31,41.13],[-74.3,41.14],[-74.3,41.15],[-74.29,41.15],[-74.28,41.15],[-74.28,41.16],[-74.27,41.16],[-74.26,41.16],[-74.26,41.15],[-74.25,41.15],[-74.24,41.15],[-74.24,41.14],[-74.23,41.14],[-74.22,41.14],[-74.22,41.13],[-74.21,41.13],[-74.22,41.12],[-74.23,41.11],[-74.23,41.1],[-74.23,41.09],[-74.24,41.09],[-74.24,41.08],[-74.25,41.07],[-74.25,41.06],[-74.25,41.05],[-74.26,41.05],[-74.26,41.04],[-74.26,41.03],[-74.27,41.02],[-74.27,41.01],[-74.28,41.01],[-74.28,41],[-74.28,40.99],[-74.28,40.98],[-74.28,40.97],[-74.28,40.96],[-74.28,40.95],[-74.28,40.94],[-74.28,40.93],[-74.29,40.93],[-74.29,40.92],[-74.28,40.92],[-74.29,40.92],[-74.28,40.92],[-74.27,40.92],[-74.27,40.91],[-74.27,40.9],[-74.28,40.9],[-74.29,40.9],[-74.28,40.9],[-74.29,40.9],[-74.29,40.91],[-74.3,40.91],[-74.3,40.9],[-74.3,40.91],[-74.31,40.91],[-74.31,40.9],[-74.31,40.91],[-74.31,40.9],[-74.32,40.9],[-74.32,40.91],[-74.33,40.91],[-74.33,40.9],[-74.34,40.9],[-74.33,40.9],[-74.34,40.9],[-74.34,40.89],[-74.34,40.88],[-74.33,40.88],[-74.34,40.88],[-74.34,40.87],[-74.33,40.87],[-74.34,40.87],[-74.33,40.87],[-74.32,40.86],[-74.32,40.87],[-74.32,40.86],[-74.33,40.86],[-74.33,40.85],[-74.33,40.84],[-74.33,40.83],[-74.33,40.82],[-74.34,40.82],[-74.34,40.81],[-74.35,40.81],[-74.35,40.8],[-74.36,40.8],[-74.37,40.8],[-74.37,40.79],[-74.37,40.78],[-74.37,40.77],[-74.37,40.76],[-74.38,40.76],[-74.37,40.76],[-74.36,40.76],[-74.36,40.75],[-74.37,40.75],[-74.38,40.75],[-74.38,40.76],[-74.39,40.75],[-74.4,40.75],[-74.4,40.76],[-74.39,40.76],[-74.4,40.76],[-74.39,40.76],[-74.4,40.76],[-74.4,40.77],[-74.41,40.77],[-74.41,40.78],[-74.41,40.77],[-74.42,40.77],[-74.43,40.77],[-74.44,40.77],[-74.44,40.78],[-74.44,40.79],[-74.43,40.79],[-74.44,40.79],[-74.44,40.8],[-74.43,40.8],[-74.44,40.8],[-74.44,40.81],[-74.45,40.81],[-74.46,40.81],[-74.47,40.81],[-74.47,40.82],[-74.48,40.82],[-74.49,40.82],[-74.49,40.83],[-74.5,40.83],[-74.51,40.83],[-74.52,40.83],[-74.53,40.83]]]},"properties":{"SLDL":"026","NAME":"Assembly District 26","GEOID":"34026"}},{"type":"Feature","geometry":{"type":"Polygon","coordinates":[[[-75.44,39.35],[-75.43,39.37],[-75.41,39.38],[-75.4,39.38],[-75.4,39.37],[-75.39,39.37],[-75.39,39.36],[-75.38,39.35],[-75.37,39.35],[-75.37,39.34],[-75.36,39.34],[-75.36,39.35],[-75.37,39.35],[-75.37,39.36],[-75.36,39.36],[-75.36,39.37],[-75.35,39.37],[-75.35,39.38],[-75.36,39.38],[-75.35,39.38],[-75.34,39.38],[-75.33,39.38],[-75.33,39.39],[-75.33,39.38],[-75.32,39.38],[-75.32,39.39],[-75.31,39.39],[-75.31,39.38],[-75.3,39.38],[-75.29,39.38],[-75.29,39.37],[-75.29,39.38],[-75.28,39.38],[-75.27,39.39],[-75.27,39.38],[-75.26,39.38],[-75.25,39.38],[-75.24,39.38],[-75.23,39.38],[-75.23,39.39],[-75.23,39.4],[-75.23,39.41],[-75.24,39.41],[-75.25,39.41],[-75.25,39.42],[-75.25,39.43],[-75.25,39.44],[-75.25,39.45],[-75.24,39.45],[-75.23,39.45],[-75.23,39.44],[-75.23,39.45],[-75.22,39.45],[-75.21,39.46],[-75.21,39.45],[-75.21,39.44],[-75.21,39.43],[-75.2,39.43],[-75.2,39.44],[-75.19,39.44],[-75.18,39.44],[-75.18,39.43],[-75.17,39.43],[-75.16,39.43],[-75.15,39.43],[-75.14,39.43],[-75.13,39.43],[-75.12,39.43],[-75.11,39.43],[-75.11,39.44],[-75.1,39.44],[-75.09,39.44],[-75.08,39.44],[-75.08,39.45],[-75.09,39.45],[-75.08,39.45],[-75.08,39.46],[-75.08,39.47],[-75.08,39.48],[-75.08,39.47],[-75.08,39.48],[-75.07,39.48],[-75.08,39.48],[-75.07,39.48],[-75.07,39.49],[-75.08,39.49],[-75.07,39.49],[-75.08,39.49],[-75.07,39.49],[-75.08,39.49],[-75.07,39.49],[-75.08,39.49],[-75.08,39.5],[-75.08,39.51],[-75.08,39.52],[-75.07,39.52],[-75.08,39.52],[-75.07,39.52],[-75.07,39.53],[-75.07,39.54],[-75.08,39.54],[-75.08,39.55],[-75.07,39.55],[-75.07,39.56],[-75.06,39.56],[-75.06,39.57],[-75.06,39.56],[-75.05,39.56],[-75.04,39.56],[-75.04,39.55],[-75.03,39.55],[-75.03,39.54],[-75.02,39.54],[-75.01,39.53],[-75,39.53],[-75,39.52],[-74.99,39.52],[-74.98,39.52],[-74.98,39.51],[-74.97,39.51],[-74.97,39.5],[-74.96,39.5],[-74.95,39.49],[-74.94,39.49],[-74.94,39.48],[-74.93,39.48],[-74.93,39.47],[-74.92,39.47],[-74.91,39.46],[-74.9,39.46],[-74.9,39.45],[-74.89,39.45],[-74.88,39.44],[-74.87,39.44],[-74.87,39.43],[-74.86,39.43],[-74.86,39.42],[-74.85,39.42],[-74.84,39.42],[-74.83,39.42],[-74.83,39.43],[-74.82,39.43],[-74.81,39.43],[-74.8,39.43],[-74.79,39.43],[-74.78,39.44],[-74.77,39.44],[-74.76,39.44],[-74.75,39.44],[-74.74,39.44],[-74.73,39.45],[-74.72,39.45],[-74.72,39.44],[-74.72,39.43],[-74.71,39.43],[-74.71,39.42],[-74.72,39.42],[-74.72,39.41],[-74.72,39.4],[-74.72,39.39],[-74.72,39.38],[-74.72,39.37],[-74.72,39.36],[-74.71,39.36],[-74.71,39.35],[-74.71,39.34],[-74.7,39.34],[-74.7,39.33],[-74.69,39.33],[-74.68,39.33],[-74.67,39.33],[-74.67,39.32],[-74.66,39.32],[-74.65,39.32],[-74.65,39.31],[-74.66,39.31],[-74.65,39.31],[-74.65,39.3],[-74.64,39.3],[-74.63,39.3],[-74.63,39.29],[-74.62,39.29],[-74.62,39.3],[-74.61,39.3],[-74.6,39.3],[-74.6,39.31],[-74.59,39.31],[-74.58,39.31],[-74.58,39.3],[-74.57,39.3],[-74.56,39.3],[-74.55,39.3],[-74.54,39.3],[-74.53,39.3],[-74.5,39.3],[-74.47,39.3],[-74.47,39.29],[-74.48,39.29],[-74.48,39.28],[-74.49,39.28],[-74.49,39.27],[-74.5,39.27],[-74.51,39.26],[-74.51,39.25],[-74.52,39.25],[-74.52,39.24],[-74.53,39.23],[-74.55,39.23],[-74.56,39.22],[-74.56,39.21],[-74.58,39.2],[-74.58,39.19],[-74.59,39.18],[-74.6,39.17],[-74.6,39.16],[-74.61,39.15],[-74.62,39.14],[-74.64,39.12],[-74.64,39.11],[-74.64,39.1],[-74.64,39.09],[-74.65,39.08],[-74.65,39.07],[-74.66,39.06],[-74.67,39.06],[-74.68,39.05],[-74.69,39.04],[-74.7,39.03],[-74.7,39.02],[-74.71,39.02],[-74.72,39.01],[-74.72,39],[-74.72,38.99],[-74.72,38.98],[-74.73,38.97],[-74.74,38.96],[-74.75,38.95],[-74.76,38.95],[-74.77,38.95],[-74.77,38.94],[-74.78,38.94],[-74.79,38.93],[-74.8,38.92],[-74.8,38.91],[-74.81,38.91],[-74.81,38.9],[-74.82,38.9],[-74.83,38.89],[-74.84,38.89],[-74.85,38.89],[-74.86,38.89],[-74.87,38.89],[-74.88,38.89],[-74.88,38.88],[-74.89,38.88],[-74.9,38.88],[-74.91,38.88],[-74.94,38.85],[-75,38.8],[-75.02,38.79],[-75.02,38.8],[-75.03,38.81],[-75.04,38.84],[-75.05,38.84],[-75.05,38.85],[-75.06,38.87],[-75.06,38.88],[-75.07,38.88],[-75.07,38.89],[-75.08,38.89],[-75.08,38.91],[-75.11,38.96],[-75.12,38.98],[-75.13,38.98],[-75.13,38.99],[-75.14,39],[-75.14,39.01],[-75.16,39.05],[-75.17,39.06],[-75.18,39.06],[-75.18,39.07],[-75.19,39.08],[-75.2,39.09],[-75.21,39.11],[-75.22,39.12],[-75.23,39.13],[-75.23,39.14],[-75.24,39.14],[-75.24,39.15],[-75.25,39.15],[-75.25,39.16],[-75.26,39.17],[-75.27,39.18],[-75.27,39.19],[-75.28,39.19],[-75.28,39.2],[-75.29,39.21],[-75.3,39.22],[-75.3,39.23],[-75.31,39.24],[-75.32,39.24],[-75.32,39.25],[-75.33,39.26],[-75.34,39.27],[-75.35,39.27],[-75.35,39.28],[-75.37,39.29],[-75.38,39.3],[-75.39,39.31],[-75.4,39.32],[-75.41,39.33],[-75.42,39.33],[-75.42,39.34],[-75.43,39.34],[-75.44,39.35]]]},"properties":{"SLDL":"001","NAME":"Assembly District 01","GEOID":"34001"}},{"type":"Feature","geometry":{"type":"Polygon","coordinates":[[[-74.25,40.76],[-74.25,40.77],[-74.24,40.77],[-74.24,40.78],[-74.23,40.78],[-74.22,40.79],[-74.22,40.8],[-74.21,40.8],[-74.21,40.81],[-74.2,40.81],[-74.2,40.82],[-74.2,40.83],[-74.19,40.83],[-74.19,40.84],[-74.18,40.85],[-74.17,40.84],[-74.16,40.84],[-74.16,40.83],[-74.15,40.83],[-74.14,40.83],[-74.14,40.82],[-74.13,40.82],[-74.14,40.82],[-74.14,40.81],[-74.14,40.8],[-74.14,40.79],[-74.15,40.79],[-74.15,40.78],[-74.16,40.78],[-74.16,40.79],[-74.17,40.79],[-74.17,40.78],[-74.18,40.78],[-74.18,40.77],[-74.19,40.77],[-74.19,40.76],[-74.2,40.76],[-74.2,40.75],[-74.21,40.75],[-74.22,40.75],[-74.22,40.74],[-74.22,40.75],[-74.23,40.75],[-74.24,40.75],[-74.25,40.75],[-74.25,40.76]]]},"properties":{"SLDL":"034","NAME":"Assembly District 34","GEOID":"34034"}},{"type":"Feature","geometry":{"type":"Polygon","coordinates":[[[-74.49,40.42],[-74.48,40.42],[-74.48,40.43],[-74.47,40.43],[-74.47,40.44],[-74.46,40.44],[-74.45,40.44],[-74.45,40.45],[-74.45,40.46],[-74.44,40.46],[-74.43,40.46],[-74.43,40.47],[-74.42,40.47],[-74.42,40.48],[-74.41,40.48],[-74.4,40.48],[-74.39,40.48],[-74.39,40.49],[-74.4,40.49],[-74.41,40.49],[-74.42,40.49],[-74.43,40.49],[-74.44,40.49],[-74.43,40.49],[-74.44,40.49],[-74.44,40.5],[-74.44,40.51],[-74.45,40.51],[-74.44,40.51],[-74.44,40.52],[-74.43,40.52],[-74.42,40.53],[-74.41,40.53],[-74.41,40.54],[-74.41,40.55],[-74.42,40.55],[-74.43,40.55],[-74.43,40.56],[-74.44,40.56],[-74.44,40.57],[-74.44,40.58],[-74.44,40.59],[-74.44,40.6],[-74.43,40.6],[-74.42,40.6],[-74.41,40.6],[-74.4,40.6],[-74.39,40.6],[-74.38,40.6],[-74.37,40.6],[-74.36,40.6],[-74.35,40.6],[-74.34,40.6],[-74.34,40.61],[-74.34,40.6],[-74.34,40.59],[-74.34,40.58],[-74.34,40.57],[-74.33,40.57],[-74.33,40.56],[-74.33,40.55],[-74.33,40.54],[-74.32,40.54],[-74.32,40.53],[-74.32,40.52],[-74.33,40.52],[-74.33,40.51],[-74.33,40.5],[-74.33,40.49],[-74.33,40.48],[-74.34,40.48],[-74.35,40.48],[-74.36,40.48],[-74.36,40.47],[-74.37,40.47],[-74.37,40.48],[-74.38,40.48],[-74.38,40.47],[-74.38,40.46],[-74.39,40.46],[-74.38,40.46],[-74.38,40.45],[-74.38,40.46],[-74.37,40.46],[-74.37,40.45],[-74.36,40.45],[-74.36,40.44],[-74.36,40.43],[-74.35,40.43],[-74.36,40.43],[-74.36,40.42],[-74.36,40.41],[-74.37,40.41],[-74.36,40.41],[-74.37,40.41],[-74.37,40.4],[-74.37,40.41],[-74.38,40.41],[-74.39,40.41],[-74.4,40.4],[-74.41,40.4],[-74.4,40.4],[-74.4,40.39],[-74.41,40.39],[-74.41,40.38],[-74.42,40.38],[-74.42,40.39],[-74.42,40.38],[-74.43,40.38],[-74.44,40.37],[-74.45,40.38],[-74.44,40.38],[-74.44,40.39],[-74.44,40.4],[-74.45,40.41],[-74.46,40.41],[-74.47,40.41],[-74.47,40.42],[-74.47,40.41],[-74.47,40.42],[-74.48,40.42],[-74.49,40.42]]]},"properties":{"SLDL":"018","NAME":"Assembly District 18","GEOID":"34018"}},{"type":"Feature","geometry":{"type":"Polygon","coordinates":[[[-74.21,40.98],[-74.2,40.98],[-74.19,40.98],[-74.18,40.98],[-74.17,40.98],[-74.17,40.97],[-74.17,40.96],[-74.17,40.95],[-74.17,40.94],[-74.17,40.93],[-74.17,40.94],[-74.16,40.94],[-74.15,40.94],[-74.14,40.94],[-74.14,40.93],[-74.14,40.92],[-74.13,40.92],[-74.12,40.92],[-74.11,40.92],[-74.11,40.91],[-74.11,40.9],[-74.1,40.9],[-74.1,40.89],[-74.1,40.88],[-74.1,40.89],[-74.09,40.89],[-74.09,40.88],[-74.1,40.88],[-74.1,40.87],[-74.09,40.87],[-74.1,40.87],[-74.1,40.86],[-74.11,40.86],[-74.11,40.87],[-74.11,40.88],[-74.12,40.88],[-74.13,40.88],[-74.13,40.89],[-74.14,40.89],[-74.15,40.89],[-74.16,40.89],[-74.17,40.89],[-74.17,40.9],[-74.18,40.9],[-74.19,40.9],[-74.19,40.91],[-74.2,40.91],[-74.2,40.92],[-74.21,40.92],[-74.2,40.92],[-74.2,40.93],[-74.2,40.94],[-74.2,40.95],[-74.2,40.96],[-74.2,40.97],[-74.2,40.98],[-74.21,40.98]]]},"properties":{"SLDL":"035","NAME":"Assembly District 35","GEOID":"34035"}},{"type":"Feature","geometry":{"type":"Polygon","coordinates":[[[-75.56,39.48],[-75.56,39.5],[-75.55,39.5],[-75.54,39.5],[-75.53,39.5],[-75.53,39.51],[-75.53,39.52],[-75.53,39.53],[-75.53,39.54],[-75.53,39.55],[-75.52,39.55],[-75.52,39.56],[-75.51,39.56],[-75.51,39.57],[-75.51,39.58],[-75.52,39.58],[-75.53,39.58],[-75.53,39.59],[-75.54,39.59],[-75.54,39.6],[-75.55,39.6],[-75.56,39.6],[-75.56,39.61],[-75.56,39.62],[-75.56,39.63],[-75.55,39.63],[-75.55,39.64],[-75.54,39.64],[-75.54,39.65],[-75.53,39.65],[-75.53,39.66],[-75.52,39.66],[-75.52,39.67],[-75.51,39.67],[-75.51,39.68],[-75.51,39.69],[-75.51,39.7],[-75.5,39.7],[-75.49,39.7],[-75.49,39.71],[-75.49,39.72],[-75.48,39.72],[-75.48,39.71],[-75.48,39.72],[-75.48,39.73],[-75.47,39.73],[-75.48,39.73],[-75.47,39.73],[-75.47,39.74],[-75.47,39.75],[-75.46,39.76],[-75.46,39.77],[-75.45,39.77],[-75.44,39.78],[-75.43,39.79],[-75.41,39.8],[-75.42,39.8],[-75.41,39.8],[-75.4,39.81],[-75.39,39.81],[-75.39,39.82],[-75.38,39.82],[-75.38,39.83],[-75.37,39.83],[-75.36,39.83],[-75.36,39.84],[-75.35,39.84],[-75.34,39.84],[-75.34,39.85],[-75.33,39.85],[-75.32,39.85],[-75.31,39.85],[-75.3,39.85],[-75.29,39.85],[-75.28,39.85],[-75.27,39.85],[-75.26,39.85],[-75.25,39.85],[-75.24,39.85],[-75.24,39.86],[-75.23,39.86],[-75.22,39.86],[-75.21,39.87],[-75.2,39.87],[-75.2,39.88],[-75.19,39.88],[-75.18,39.88],[-75.17,39.88],[-75.16,39.88],[-75.15,39.88],[-75.14,39.88],[-75.14,39.89],[-75.13,39.88],[-75.13,39.87],[-75.12,39.87],[-75.12,39.86],[-75.12,39.87],[-75.11,39.86],[-75.12,39.86],[-75.13,39.86],[-75.14,39.86],[-75.13,39.86],[-75.14,39.86],[-75.14,39.85],[-75.15,39.85],[-75.15,39.84],[-75.16,39.84],[-75.16,39.85],[-75.16,39.84],[-75.16,39.85],[-75.17,39.85],[-75.17,39.84],[-75.17,39.83],[-75.16,39.83],[-75.17,39.83],[-75.16,39.83],[-75.16,39.82],[-75.17,39.81],[-75.17,39.8],[-75.17,39.79],[-75.16,39.79],[-75.16,39.8],[-75.15,39.8],[-75.14,39.8],[-75.14,39.79],[-75.14,39.78],[-75.15,39.78],[-75.14,39.78],[-75.14,39.77],[-75.13,39.77],[-75.12,39.77],[-75.12,39.76],[-75.11,39.76],[-75.12,39.76],[-75.12,39.75],[-75.12,39.74],[-75.11,39.74],[-75.11,39.73],[-75.1,39.73],[-75.1,39.72],[-75.09,39.72],[-75.09,39.71],[-75.09,39.7],[-75.08,39.7],[-75.07,39.69],[-75.06,39.68],[-75.05,39.68],[-75.05,39.67],[-75.04,39.67],[-75.03,39.66],[-75.04,39.66],[-75.05,39.66],[-75.05,39.65],[-75.06,39.65],[-75.07,39.65],[-75.09,39.64],[-75.1,39.64],[-75.11,39.64],[-75.11,39.63],[-75.12,39.63],[-75.13,39.62],[-75.12,39.61],[-75.11,39.6],[-75.1,39.6],[-75.1,39.59],[-75.09,39.59],[-75.08,39.58],[-75.07,39.58],[-75.06,39.57],[-75.06,39.56],[-75.07,39.56],[-75.07,39.55],[-75.08,39.55],[-75.08,39.54],[-75.07,39.54],[-75.07,39.53],[-75.07,39.52],[-75.08,39.52],[-75.07,39.52],[-75.08,39.52],[-75.08,39.51],[-75.08,39.5],[-75.08,39.49],[-75.07,39.49],[-75.08,39.49],[-75.07,39.49],[-75.08,39.49],[-75.07,39.49],[-75.08,39.49],[-75.07,39.49],[-75.07,39.48],[-75.08,39.48],[-75.07,39.48],[-75.08,39.48],[-75.08,39.47],[-75.08,39.48],[-75.08,39.47],[-75.08,39.46],[-75.08,39.45],[-75.09,39.45],[-75.08,39.45],[-75.08,39.44],[-75.09,39.44],[-75.1,39.44],[-75.11,39.44],[-75.11,39.43],[-75.12,39.43],[-75.13,39.43],[-75.14,39.43],[-75.15,39.43],[-75.16,39.43],[-75.17,39.43],[-75.18,39.43],[-75.18,39.44],[-75.19,39.44],[-75.2,39.44],[-75.2,39.43],[-75.21,39.43],[-75.21,39.44],[-75.21,39.45],[-75.21,39.46],[-75.22,39.45],[-75.23,39.45],[-75.23,39.44],[-75.23,39.45],[-75.24,39.45],[-75.25,39.45],[-75.25,39.44],[-75.25,39.43],[-75.25,39.42],[-75.25,39.41],[-75.24,39.41],[-75.23,39.41],[-75.23,39.4],[-75.23,39.39],[-75.23,39.38],[-75.24,39.38],[-75.25,39.38],[-75.26,39.38],[-75.27,39.38],[-75.27,39.39],[-75.28,39.38],[-75.29,39.38],[-75.29,39.37],[-75.29,39.38],[-75.3,39.38],[-75.31,39.38],[-75.31,39.39],[-75.32,39.39],[-75.32,39.38],[-75.33,39.38],[-75.33,39.39],[-75.33,39.38],[-75.34,39.38],[-75.35,39.38],[-75.36,39.38],[-75.35,39.38],[-75.35,39.37],[-75.36,39.37],[-75.36,39.36],[-75.37,39.36],[-75.37,39.35],[-75.36,39.35],[-75.36,39.34],[-75.37,39.34],[-75.37,39.35],[-75.38,39.35],[-75.39,39.36],[-75.39,39.37],[-75.4,39.37],[-75.4,39.38],[-75.41,39.38],[-75.43,39.37],[-75.44,39.35],[-75.45,39.36],[-75.46,39.37],[-75.47,39.37],[-75.47,39.38],[-75.48,39.38],[-75.48,39.39],[-75.49,39.39],[-75.5,39.4],[-75.5,39.41],[-75.51,39.41],[-75.51,39.42],[-75.52,39.42],[-75.53,39.43],[-75.54,39.44],[-75.55,39.45],[-75.56,39.45],[-75.56,39.46],[-75.56,39.48]]]},"properties":{"SLDL":"003","NAME":"Assembly District 03","GEOID":"34003"}},{"type":"Feature","geometry":{"type":"Polygon","coordinates":[[[-74.68,40.73],[-74.67,40.73],[-74.66,40.73],[-74.66,40.74],[-74.65,40.74],[-74.64,40.74],[-74.63,40.74],[-74.62,40.74],[-74.61,40.75],[-74.6,40.75],[-74.59,40.75],[-74.58,40.75],[-74.57,40.76],[-74.56,40.76],[-74.55,40.76],[-74.55,40.75],[-74.55,40.74],[-74.55,40.73],[-74.54,40.73],[-74.53,40.73],[-74.53,40.72],[-74.52,40.72],[-74.52,40.71],[-74.53,40.71],[-74.52,40.71],[-74.52,40.7],[-74.51,40.7],[-74.5,40.7],[-74.49,40.7],[-74.48,40.71],[-74.47,40.71],[-74.46,40.71],[-74.46,40.72],[-74.45,40.72],[-74.45,40.73],[-74.45,40.74],[-74.45,40.75],[-74.45,40.76],[-74.45,40.77],[-74.44,40.77],[-74.44,40.76],[-74.44,40.75],[-74.43,40.75],[-74.43,40.74],[-74.42,40.74],[-74.41,40.74],[-74.4,40.74],[-74.4,40.75],[-74.39,40.75],[-74.38,40.76],[-74.38,40.75],[-74.37,40.75],[-74.36,40.75],[-74.37,40.75],[-74.36,40.75],[-74.36,40.74],[-74.37,40.74],[-74.36,40.74],[-74.36,40.73],[-74.35,40.73],[-74.34,40.73],[-74.34,40.72],[-74.33,40.72],[-74.32,40.72],[-74.31,40.72],[-74.31,40.71],[-74.3,40.71],[-74.3,40.72],[-74.3,40.71],[-74.3,40.7],[-74.31,40.7],[-74.31,40.69],[-74.31,40.68],[-74.32,40.68],[-74.32,40.67],[-74.33,40.67],[-74.33,40.66],[-74.32,40.66],[-74.31,40.66],[-74.31,40.65],[-74.32,40.65],[-74.32,40.64],[-74.31,40.64],[-74.32,40.63],[-74.33,40.62],[-74.33,40.63],[-74.34,40.62],[-74.34,40.63],[-74.35,40.63],[-74.35,40.64],[-74.36,40.64],[-74.36,40.65],[-74.37,40.65],[-74.37,40.66],[-74.38,40.66],[-74.38,40.67],[-74.39,40.67],[-74.39,40.68],[-74.39,40.67],[-74.4,40.67],[-74.4,40.66],[-74.4,40.65],[-74.41,40.65],[-74.41,40.64],[-74.42,40.64],[-74.43,40.64],[-74.43,40.63],[-74.44,40.63],[-74.45,40.63],[-74.45,40.62],[-74.46,40.62],[-74.46,40.61],[-74.47,40.61],[-74.46,40.61],[-74.46,40.6],[-74.46,40.59],[-74.46,40.6],[-74.45,40.6],[-74.46,40.6],[-74.46,40.59],[-74.45,40.59],[-74.46,40.59],[-74.46,40.58],[-74.47,40.58],[-74.47,40.59],[-74.47,40.58],[-74.48,40.58],[-74.48,40.57],[-74.49,40.57],[-74.5,40.57],[-74.5,40.56],[-74.51,40.56],[-74.52,40.56],[-74.53,40.56],[-74.52,40.56],[-74.53,40.56],[-74.53,40.57],[-74.52,40.57],[-74.52,40.58],[-74.51,40.58],[-74.52,40.59],[-74.53,40.59],[-74.53,40.6],[-74.53,40.61],[-74.54,40.6],[-74.55,40.6],[-74.56,40.6],[-74.56,40.61],[-74.57,40.61],[-74.57,40.62],[-74.58,40.62],[-74.59,40.62],[-74.59,40.63],[-74.6,40.63],[-74.6,40.64],[-74.61,40.64],[-74.62,40.64],[-74.62,40.65],[-74.63,40.66],[-74.63,40.67],[-74.63,40.68],[-74.64,40.68],[-74.64,40.69],[-74.65,40.69],[-74.65,40.7],[-74.66,40.7],[-74.67,40.7],[-74.68,40.7],[-74.67,40.7],[-74.68,40.7],[-74.67,40.7],[-74.68,40.7],[-74.68,40.71],[-74.68,40.72],[-74.68,40.73]]]},"properties":{"SLDL":"021","NAME":"Assembly District 21","GEOID":"34021"}},{"type":"Feature","geometry":{"type":"Polygon","coordinates":[[[-74.09,40.73],[-74.09,40.74],[-74.08,40.74],[-74.08,40.75],[-74.08,40.76],[-74.07,40.76],[-74.06,40.76],[-74.06,40.77],[-74.05,40.76],[-74.04,40.76],[-74.04,40.75],[-74.03,40.76],[-74.02,40.76],[-74.01,40.76],[-74.02,40.75],[-74.02,40.74],[-74.02,40.73],[-74.02,40.72],[-74.02,40.71],[-74.03,40.71],[-74.04,40.71],[-74.05,40.72],[-74.06,40.72],[-74.07,40.72],[-74.07,40.73],[-74.07,40.72],[-74.07,40.73],[-74.08,40.73],[-74.09,40.73]]]},"properties":{"SLDL":"032","NAME":"Assembly District 32","GEOID":"34032"}},{"type":"Feature","geometry":{"type":"Polygon","coordinates":[[[-74.27,39.99],[-74.25,39.99],[-74.24,40],[-74.23,40],[-74.23,40.01],[-74.24,40.01],[-74.23,40.01],[-74.24,40.01],[-74.24,40.02],[-74.24,40.01],[-74.24,40.02],[-74.25,40.02],[-74.24,40.02],[-74.25,40.02],[-74.25,40.03],[-74.25,40.02],[-74.25,40.03],[-74.25,40.04],[-74.25,40.05],[-74.25,40.04],[-74.25,40.05],[-74.26,40.05],[-74.25,40.05],[-74.26,40.05],[-74.27,40.05],[-74.27,40.06],[-74.27,40.05],[-74.27,40.06],[-74.26,40.06],[-74.25,40.06],[-74.24,40.05],[-74.23,40.05],[-74.22,40.05],[-74.21,40.04],[-74.2,40.04],[-74.19,40.04],[-74.19,40.03],[-74.18,40.03],[-74.17,40.03],[-74.16,40.02],[-74.16,40.03],[-74.16,40.04],[-74.16,40.05],[-74.16,40.06],[-74.16,40.07],[-74.16,40.08],[-74.15,40.08],[-74.15,40.09],[-74.15,40.1],[-74.16,40.1],[-74.15,40.1],[-74.16,40.1],[-74.15,40.1],[-74.16,40.1],[-74.15,40.1],[-74.14,40.1],[-74.14,40.11],[-74.13,40.11],[-74.13,40.12],[-74.12,40.12],[-74.12,40.13],[-74.11,40.13],[-74.11,40.14],[-74.11,40.13],[-74.11,40.14],[-74.11,40.13],[-74.1,40.13],[-74.11,40.13],[-74.1,40.13],[-74.1,40.12],[-74.09,40.12],[-74.09,40.11],[-74.09,40.1],[-74.08,40.1],[-74.08,40.11],[-74.07,40.11],[-74.07,40.12],[-74.06,40.12],[-74.06,40.13],[-74.05,40.13],[-74.04,40.14],[-74.05,40.14],[-74.05,40.15],[-74.05,40.16],[-74.04,40.16],[-74.03,40.16],[-74.03,40.17],[-74.02,40.17],[-74.02,40.15],[-74.02,40.14],[-74.02,40.13],[-74.02,40.12],[-74.03,40.12],[-74.02,40.11],[-74.01,40.1],[-74.03,40.1],[-74.03,40.09],[-74.04,40.09],[-74.04,40.08],[-74.04,40.07],[-74.04,40.06],[-74.05,40.06],[-74.05,40.05],[-74.05,40.04],[-74.05,40.03],[-74.05,40.02],[-74.06,40.02],[-74.06,40.01],[-74.06,40],[-74.06,39.99],[-74.06,39.98],[-74.06,39.97],[-74.07,39.97],[-74.07,39.96],[-74.07,39.95],[-74.07,39.94],[-74.07,39.93],[-74.07,39.92],[-74.08,39.92],[-74.08,39.91],[-74.09,39.91],[-74.08,39.92],[-74.08,39.93],[-74.08,39.94],[-74.08,39.95],[-74.08,39.94],[-74.09,39.94],[-74.1,39.94],[-74.11,39.94],[-74.12,39.94],[-74.13,39.94],[-74.13,39.93],[-74.14,39.93],[-74.14,39.94],[-74.15,39.94],[-74.16,39.94],[-74.17,39.94],[-74.18,39.94],[-74.19,39.94],[-74.19,39.95],[-74.19,39.94],[-74.2,39.94],[-74.21,39.94],[-74.22,39.94],[-74.22,39.93],[-74.22,39.94],[-74.23,39.95],[-74.22,39.95],[-74.21,39.94],[-74.21,39.95],[-74.2,39.95],[-74.21,39.95],[-74.22,39.95],[-74.22,39.96],[-74.23,39.96],[-74.23,39.97],[-74.24,39.97],[-74.25,39.97],[-74.25,39.98],[-74.26,39.98],[-74.27,39.98],[-74.27,39.99]]]},"properties":{"SLDL":"010","NAME":"Assembly District 10","GEOID":"34010"}},{"type":"Feature","geometry":{"type":"Polygon","coordinates":[[[-74.27,41.02],[-74.26,41.03],[-74.26,41.04],[-74.26,41.05],[-74.25,41.05],[-74.25,41.06],[-74.25,41.07],[-74.24,41.08],[-74.24,41.09],[-74.23,41.09],[-74.23,41.1],[-74.23,41.11],[-74.22,41.12],[-74.21,41.13],[-74.19,41.13],[-74.19,41.12],[-74.18,41.12],[-74.17,41.12],[-74.16,41.11],[-74.15,41.11],[-74.15,41.1],[-74.14,41.1],[-74.13,41.1],[-74.12,41.09],[-74.11,41.09],[-74.1,41.09],[-74.1,41.08],[-74.09,41.08],[-74.08,41.08],[-74.08,41.07],[-74.07,41.07],[-74.06,41.07],[-74.05,41.06],[-74.04,41.06],[-74.03,41.06],[-74.03,41.05],[-74.02,41.05],[-74.01,41.05],[-74,41.04],[-73.99,41.04],[-73.98,41.03],[-73.97,41.03],[-73.97,41.02],[-73.96,41.02],[-73.95,41.02],[-73.94,41.02],[-73.94,41.01],[-73.93,41.01],[-73.92,41.01],[-73.92,41],[-73.91,41],[-73.9,41],[-73.89,41],[-73.9,40.98],[-73.9,40.96],[-73.91,40.96],[-73.91,40.95],[-73.91,40.94],[-73.91,40.93],[-73.92,40.92],[-73.92,40.91],[-73.93,40.92],[-73.94,40.92],[-73.94,40.93],[-73.95,40.93],[-73.96,40.93],[-73.96,40.94],[-73.97,40.94],[-73.97,40.93],[-73.98,40.93],[-73.98,40.94],[-73.99,40.94],[-74,40.94],[-74.01,40.94],[-74.01,40.95],[-74,40.95],[-74.01,40.95],[-74.01,40.96],[-74.02,40.96],[-74.03,40.96],[-74.02,40.96],[-74.02,40.97],[-74.03,40.97],[-74.04,40.97],[-74.04,40.96],[-74.05,40.96],[-74.05,40.97],[-74.06,40.97],[-74.07,40.98],[-74.08,40.98],[-74.08,40.99],[-74.09,40.99],[-74.1,40.99],[-74.11,40.99],[-74.11,41],[-74.11,40.99],[-74.11,41],[-74.11,40.99],[-74.11,41],[-74.12,41],[-74.12,41.01],[-74.13,41.01],[-74.13,41],[-74.13,40.99],[-74.14,40.98],[-74.14,40.99],[-74.15,40.99],[-74.15,41],[-74.16,41],[-74.15,41],[-74.14,41],[-74.14,41.01],[-74.15,41.01],[-74.15,41.02],[-74.16,41.02],[-74.16,41.03],[-74.16,41.02],[-74.17,41.02],[-74.17,41.03],[-74.18,41.03],[-74.18,41.04],[-74.19,41.04],[-74.2,41.04],[-74.2,41.05],[-74.2,41.04],[-74.21,41.04],[-74.21,41.03],[-74.22,41.03],[-74.22,41.02],[-74.23,41.02],[-74.23,41.01],[-74.24,41.01],[-74.24,41],[-74.25,41],[-74.25,40.99],[-74.25,41],[-74.26,41],[-74.26,41.01],[-74.27,41.01],[-74.27,41.02]]]},"properties":{"SLDL":"039","NAME":"Assembly District 39","GEOID":"34039"}},{"type":"Feature","geometry":{"type":"Polygon","coordinates":[[[-74.75,40.2],[-74.74,40.2],[-74.73,40.2],[-74.73,40.21],[-74.74,40.21],[-74.73,40.21],[-74.73,40.22],[-74.73,40.23],[-74.74,40.23],[-74.74,40.24],[-74.73,40.24],[-74.73,40.25],[-74.72,40.25],[-74.72,40.26],[-74.71,40.26],[-74.72,40.26],[-74.71,40.26],[-74.71,40.27],[-74.7,40.27],[-74.69,40.27],[-74.68,40.27],[-74.67,40.27],[-74.66,40.27],[-74.66,40.26],[-74.66,40.25],[-74.65,40.24],[-74.64,40.24],[-74.64,40.25],[-74.63,40.25],[-74.62,40.25],[-74.61,40.25],[-74.6,40.25],[-74.59,40.26],[-74.58,40.26],[-74.58,40.27],[-74.57,40.27],[-74.57,40.28],[-74.57,40.29],[-74.57,40.3],[-74.58,40.3],[-74.58,40.31],[-74.59,40.31],[-74.58,40.31],[-74.59,40.31],[-74.59,40.32],[-74.6,40.32],[-74.6,40.31],[-74.6,40.32],[-74.61,40.32],[-74.61,40.33],[-74.62,40.33],[-74.62,40.32],[-74.62,40.33],[-74.62,40.34],[-74.63,40.34],[-74.63,40.35],[-74.63,40.36],[-74.62,40.36],[-74.62,40.37],[-74.62,40.36],[-74.61,40.36],[-74.6,40.36],[-74.59,40.36],[-74.58,40.36],[-74.57,40.36],[-74.56,40.36],[-74.55,40.36],[-74.55,40.35],[-74.56,40.35],[-74.56,40.34],[-74.55,40.34],[-74.54,40.34],[-74.53,40.34],[-74.53,40.33],[-74.52,40.33],[-74.51,40.33],[-74.5,40.33],[-74.5,40.34],[-74.48,40.34],[-74.48,40.35],[-74.47,40.35],[-74.47,40.36],[-74.46,40.36],[-74.46,40.37],[-74.45,40.38],[-74.44,40.37],[-74.43,40.37],[-74.43,40.38],[-74.42,40.38],[-74.41,40.38],[-74.4,40.38],[-74.4,40.39],[-74.4,40.38],[-74.4,40.39],[-74.39,40.39],[-74.39,40.38],[-74.39,40.39],[-74.39,40.38],[-74.38,40.38],[-74.38,40.37],[-74.37,40.37],[-74.37,40.36],[-74.37,40.35],[-74.37,40.34],[-74.37,40.33],[-74.36,40.33],[-74.35,40.33],[-74.36,40.32],[-74.36,40.31],[-74.37,40.31],[-74.38,40.31],[-74.38,40.3],[-74.39,40.3],[-74.39,40.29],[-74.39,40.28],[-74.4,40.28],[-74.4,40.27],[-74.41,40.27],[-74.42,40.27],[-74.43,40.27],[-74.44,40.26],[-74.45,40.26],[-74.45,40.25],[-74.46,40.25],[-74.47,40.25],[-74.48,40.25],[-74.49,40.25],[-74.48,40.25],[-74.48,40.24],[-74.49,40.24],[-74.5,40.24],[-74.5,40.23],[-74.51,40.23],[-74.52,40.23],[-74.53,40.22],[-74.54,40.22],[-74.55,40.22],[-74.55,40.21],[-74.55,40.2],[-74.56,40.2],[-74.56,40.19],[-74.57,40.19],[-74.58,40.19],[-74.58,40.18],[-74.59,40.18],[-74.6,40.18],[-74.6,40.19],[-74.61,40.18],[-74.61,40.17],[-74.6,40.17],[-74.6,40.16],[-74.6,40.15],[-74.59,40.15],[-74.59,40.14],[-74.6,40.14],[-74.61,40.14],[-74.62,40.14],[-74.61,40.14],[-74.62,40.14],[-74.62,40.15],[-74.63,40.15],[-74.64,40.15],[-74.64,40.16],[-74.64,40.15],[-74.64,40.16],[-74.65,40.16],[-74.66,40.16],[-74.67,40.16],[-74.67,40.17],[-74.67,40.16],[-74.67,40.17],[-74.68,40.17],[-74.67,40.17],[-74.68,40.17],[-74.67,40.17],[-74.68,40.17],[-74.68,40.18],[-74.68,40.17],[-74.68,40.18],[-74.69,40.18],[-74.68,40.18],[-74.68,40.17],[-74.69,40.17],[-74.69,40.18],[-74.7,40.18],[-74.69,40.18],[-74.7,40.18],[-74.71,40.18],[-74.71,40.17],[-74.7,40.17],[-74.7,40.16],[-74.71,40.16],[-74.71,40.15],[-74.72,40.15],[-74.72,40.16],[-74.73,40.17],[-74.74,40.18],[-74.75,40.18],[-74.75,40.19],[-74.75,40.2]]]},"properties":{"SLDL":"014","NAME":"Assembly District 14","GEOID":"34014"}},{"type":"Feature","geometry":{"type":"Polygon","coordinates":[[[-74.66,40.75],[-74.66,40.76],[-74.65,40.76],[-74.65,40.77],[-74.64,40.77],[-74.64,40.78],[-74.65,40.78],[-74.65,40.79],[-74.65,40.8],[-74.64,40.8],[-74.63,40.8],[-74.63,40.81],[-74.62,40.81],[-74.62,40.82],[-74.63,40.82],[-74.63,40.83],[-74.64,40.83],[-74.64,40.84],[-74.65,40.84],[-74.64,40.84],[-74.65,40.84],[-74.64,40.84],[-74.64,40.85],[-74.63,40.85],[-74.63,40.86],[-74.62,40.86],[-74.62,40.87],[-74.62,40.88],[-74.61,40.88],[-74.61,40.89],[-74.6,40.9],[-74.59,40.9],[-74.6,40.9],[-74.6,40.91],[-74.61,40.92],[-74.61,40.93],[-74.62,40.93],[-74.62,40.94],[-74.62,40.93],[-74.63,40.93],[-74.63,40.92],[-74.64,40.92],[-74.64,40.91],[-74.63,40.91],[-74.64,40.91],[-74.64,40.9],[-74.63,40.9],[-74.64,40.89],[-74.64,40.9],[-74.64,40.89],[-74.65,40.89],[-74.66,40.89],[-74.66,40.9],[-74.65,40.9],[-74.64,40.9],[-74.64,40.91],[-74.65,40.91],[-74.65,40.92],[-74.64,40.92],[-74.65,40.92],[-74.65,40.93],[-74.64,40.93],[-74.64,40.94],[-74.64,40.95],[-74.64,40.96],[-74.64,40.97],[-74.63,40.97],[-74.63,40.98],[-74.62,40.98],[-74.62,40.99],[-74.61,40.99],[-74.61,41],[-74.6,41],[-74.6,41.01],[-74.59,41.01],[-74.59,41.02],[-74.58,41.02],[-74.57,41.02],[-74.57,41.03],[-74.56,41.03],[-74.56,41.04],[-74.55,41.05],[-74.54,41.05],[-74.54,41.06],[-74.53,41.06],[-74.53,41.07],[-74.52,41.07],[-74.51,41.08],[-74.5,41.08],[-74.5,41.09],[-74.48,41.1],[-74.48,41.11],[-74.47,41.12],[-74.45,41.13],[-74.43,41.15],[-74.42,41.16],[-74.4,41.17],[-74.4,41.18],[-74.39,41.19],[-74.38,41.19],[-74.38,41.2],[-74.37,41.2],[-74.36,41.2],[-74.35,41.2],[-74.35,41.19],[-74.34,41.19],[-74.33,41.19],[-74.33,41.18],[-74.32,41.18],[-74.31,41.18],[-74.31,41.17],[-74.3,41.17],[-74.29,41.17],[-74.28,41.16],[-74.28,41.15],[-74.29,41.15],[-74.3,41.15],[-74.3,41.14],[-74.31,41.13],[-74.31,41.12],[-74.32,41.11],[-74.32,41.1],[-74.33,41.1],[-74.33,41.09],[-74.33,41.08],[-74.34,41.07],[-74.34,41.06],[-74.35,41.06],[-74.35,41.05],[-74.35,41.04],[-74.36,41.03],[-74.36,41.02],[-74.36,41.01],[-74.35,41.01],[-74.35,41],[-74.35,41.01],[-74.34,41.01],[-74.33,41.01],[-74.33,41],[-74.33,40.99],[-74.33,40.98],[-74.33,40.97],[-74.33,40.96],[-74.33,40.95],[-74.34,40.95],[-74.35,40.95],[-74.36,40.95],[-74.36,40.96],[-74.37,40.96],[-74.38,40.96],[-74.39,40.96],[-74.4,40.96],[-74.4,40.95],[-74.4,40.94],[-74.4,40.93],[-74.4,40.92],[-74.39,40.93],[-74.39,40.92],[-74.4,40.91],[-74.4,40.92],[-74.41,40.92],[-74.41,40.91],[-74.42,40.91],[-74.43,40.91],[-74.42,40.91],[-74.42,40.9],[-74.43,40.9],[-74.44,40.9],[-74.44,40.91],[-74.45,40.91],[-74.45,40.92],[-74.46,40.92],[-74.47,40.92],[-74.46,40.93],[-74.45,40.93],[-74.45,40.94],[-74.46,40.94],[-74.46,40.93],[-74.47,40.93],[-74.48,40.93],[-74.48,40.92],[-74.49,40.92],[-74.5,40.92],[-74.49,40.91],[-74.5,40.91],[-74.49,40.91],[-74.5,40.91],[-74.49,40.91],[-74.5,40.91],[-74.5,40.9],[-74.5,40.89],[-74.51,40.89],[-74.52,40.89],[-74.52,40.88],[-74.53,40.88],[-74.53,40.87],[-74.53,40.86],[-74.53,40.85],[-74.53,40.84],[-74.53,40.83],[-74.52,40.83],[-74.51,40.83],[-74.5,40.83],[-74.49,40.83],[-74.49,40.82],[-74.48,40.82],[-74.47,40.82],[-74.47,40.81],[-74.46,40.81],[-74.45,40.81],[-74.44,40.81],[-74.44,40.8],[-74.43,40.8],[-74.44,40.8],[-74.44,40.79],[-74.43,40.79],[-74.44,40.79],[-74.44,40.78],[-74.44,40.77],[-74.43,40.77],[-74.42,40.77],[-74.41,40.77],[-74.41,40.78],[-74.41,40.77],[-74.4,40.77],[-74.4,40.76],[-74.39,40.76],[-74.4,40.76],[-74.39,40.76],[-74.4,40.76],[-74.4,40.75],[-74.39,40.75],[-74.4,40.75],[-74.4,40.74],[-74.41,40.74],[-74.42,40.74],[-74.43,40.74],[-74.43,40.75],[-74.44,40.75],[-74.44,40.76],[-74.44,40.77],[-74.45,40.77],[-74.45,40.76],[-74.45,40.75],[-74.45,40.74],[-74.45,40.73],[-74.45,40.72],[-74.46,40.72],[-74.46,40.71],[-74.47,40.71],[-74.48,40.71],[-74.49,40.7],[-74.5,40.7],[-74.51,40.7],[-74.52,40.7],[-74.52,40.71],[-74.53,40.71],[-74.52,40.71],[-74.52,40.72],[-74.53,40.72],[-74.53,40.73],[-74.54,40.73],[-74.55,40.73],[-74.55,40.74],[-74.55,40.75],[-74.55,40.76],[-74.56,40.76],[-74.57,40.76],[-74.58,40.75],[-74.59,40.75],[-74.6,40.75],[-74.61,40.75],[-74.62,40.74],[-74.63,40.74],[-74.64,40.74],[-74.65,40.74],[-74.66,40.74],[-74.66,40.73],[-74.66,40.74],[-74.66,40.75]]]},"properties":{"SLDL":"025","NAME":"Assembly District 25","GEOID":"34025"}},{"type":"Feature","geometry":{"type":"Polygon","coordinates":[[[-74.99,41.09],[-74.99,41.1],[-74.98,41.1],[-74.98,41.11],[-74.97,41.11],[-74.96,41.11],[-74.96,41.12],[-74.95,41.12],[-74.95,41.13],[-74.94,41.13],[-74.93,41.13],[-74.93,41.14],[-74.92,41.14],[-74.92,41.15],[-74.91,41.15],[-74.91,41.16],[-74.9,41.16],[-74.9,41.17],[-74.89,41.17],[-74.89,41.18],[-74.88,41.18],[-74.88,41.19],[-74.88,41.2],[-74.87,41.2],[-74.87,41.21],[-74.86,41.21],[-74.86,41.22],[-74.86,41.23],[-74.87,41.23],[-74.86,41.23],[-74.86,41.24],[-74.86,41.25],[-74.85,41.25],[-74.85,41.26],[-74.84,41.26],[-74.85,41.26],[-74.84,41.27],[-74.84,41.28],[-74.83,41.28],[-74.83,41.29],[-74.82,41.29],[-74.82,41.3],[-74.81,41.3],[-74.8,41.3],[-74.8,41.31],[-74.79,41.31],[-74.79,41.32],[-74.8,41.32],[-74.79,41.32],[-74.78,41.32],[-74.78,41.33],[-74.78,41.32],[-74.77,41.32],[-74.77,41.33],[-74.76,41.33],[-74.76,41.34],[-74.76,41.35],[-74.75,41.35],[-74.74,41.35],[-74.73,41.35],[-74.72,41.35],[-74.71,41.35],[-74.7,41.35],[-74.7,41.36],[-74.69,41.36],[-74.69,41.35],[-74.68,41.35],[-74.67,41.35],[-74.67,41.34],[-74.66,41.34],[-74.65,41.34],[-74.64,41.33],[-74.63,41.33],[-74.62,41.33],[-74.62,41.32],[-74.61,41.32],[-74.6,41.31],[-74.59,41.31],[-74.58,41.31],[-74.58,41.3],[-74.57,41.3],[-74.56,41.3],[-74.56,41.29],[-74.55,41.29],[-74.54,41.29],[-74.54,41.28],[-74.53,41.28],[-74.52,41.28],[-74.51,41.27],[-74.5,41.27],[-74.49,41.27],[-74.49,41.26],[-74.48,41.26],[-74.47,41.26],[-74.47,41.25],[-74.46,41.25],[-74.45,41.25],[-74.45,41.24],[-74.44,41.24],[-74.43,41.24],[-74.43,41.23],[-74.42,41.23],[-74.41,41.23],[-74.41,41.22],[-74.4,41.22],[-74.39,41.22],[-74.39,41.21],[-74.38,41.21],[-74.37,41.21],[-74.37,41.2],[-74.38,41.2],[-74.38,41.19],[-74.39,41.19],[-74.4,41.18],[-74.4,41.17],[-74.42,41.16],[-74.43,41.15],[-74.45,41.13],[-74.47,41.12],[-74.48,41.11],[-74.48,41.1],[-74.5,41.09],[-74.5,41.08],[-74.51,41.08],[-74.52,41.07],[-74.53,41.07],[-74.53,41.06],[-74.54,41.06],[-74.54,41.05],[-74.55,41.05],[-74.56,41.04],[-74.56,41.03],[-74.57,41.03],[-74.57,41.02],[-74.58,41.02],[-74.59,41.02],[-74.59,41.01],[-74.6,41.01],[-74.6,41],[-74.61,41],[-74.61,40.99],[-74.62,40.99],[-74.62,40.98],[-74.63,40.98],[-74.63,40.97],[-74.64,40.97],[-74.64,40.96],[-74.64,40.95],[-74.64,40.94],[-74.64,40.93],[-74.65,40.93],[-74.65,40.92],[-74.64,40.92],[-74.65,40.92],[-74.65,40.91],[-74.64,40.91],[-74.64,40.9],[-74.65,40.9],[-74.66,40.9],[-74.66,40.89],[-74.65,40.89],[-74.64,40.89],[-74.64,40.9],[-74.64,40.89],[-74.63,40.9],[-74.64,40.9],[-74.64,40.91],[-74.63,40.91],[-74.64,40.91],[-74.64,40.92],[-74.63,40.92],[-74.63,40.93],[-74.62,40.93],[-74.62,40.94],[-74.62,40.93],[-74.61,40.93],[-74.61,40.92],[-74.6,40.91],[-74.6,40.9],[-74.59,40.9],[-74.6,40.9],[-74.61,40.89],[-74.61,40.88],[-74.62,40.88],[-74.62,40.87],[-74.62,40.86],[-74.63,40.86],[-74.63,40.85],[-74.64,40.85],[-74.64,40.84],[-74.65,40.84],[-74.64,40.84],[-74.65,40.84],[-74.64,40.84],[-74.64,40.83],[-74.63,40.83],[-74.63,40.82],[-74.62,40.82],[-74.62,40.81],[-74.63,40.81],[-74.63,40.8],[-74.64,40.8],[-74.65,40.8],[-74.65,40.79],[-74.65,40.78],[-74.64,40.78],[-74.64,40.77],[-74.65,40.77],[-74.65,40.76],[-74.66,40.76],[-74.66,40.75],[-74.66,40.74],[-74.66,40.73],[-74.67,40.73],[-74.68,40.73],[-74.69,40.73],[-74.7,40.73],[-74.71,40.72],[-74.72,40.72],[-74.73,40.72],[-74.74,40.72],[-74.74,40.73],[-74.75,40.73],[-74.76,40.73],[-74.77,40.73],[-74.77,40.74],[-74.78,40.74],[-74.79,40.74],[-74.8,40.74],[-74.81,40.74],[-74.82,40.74],[-74.83,40.74],[-74.83,40.75],[-74.84,40.75],[-74.84,40.76],[-74.85,40.76],[-74.86,40.77],[-74.87,40.77],[-74.87,40.78],[-74.88,40.78],[-74.89,40.78],[-74.89,40.79],[-74.88,40.79],[-74.87,40.79],[-74.87,40.8],[-74.87,40.79],[-74.87,40.8],[-74.86,40.8],[-74.87,40.8],[-74.86,40.8],[-74.85,40.8],[-74.85,40.81],[-74.84,40.81],[-74.84,40.82],[-74.83,40.82],[-74.83,40.83],[-74.82,40.83],[-74.82,40.84],[-74.82,40.85],[-74.81,40.85],[-74.81,40.86],[-74.8,40.86],[-74.8,40.87],[-74.81,40.87],[-74.81,40.88],[-74.82,40.88],[-74.82,40.87],[-74.82,40.86],[-74.82,40.87],[-74.83,40.87],[-74.83,40.86],[-74.84,40.86],[-74.84,40.85],[-74.85,40.85],[-74.85,40.84],[-74.86,40.84],[-74.87,40.84],[-74.88,40.84],[-74.88,40.85],[-74.89,40.85],[-74.9,40.85],[-74.91,40.85],[-74.91,40.86],[-74.92,40.86],[-74.92,40.87],[-74.92,40.88],[-74.92,40.89],[-74.92,40.9],[-74.93,40.9],[-74.93,40.91],[-74.92,40.91],[-74.92,40.92],[-74.91,40.92],[-74.9,40.92],[-74.9,40.93],[-74.89,40.93],[-74.88,40.94],[-74.87,40.94],[-74.86,40.95],[-74.85,40.95],[-74.84,40.95],[-74.83,40.96],[-74.82,40.96],[-74.83,40.96],[-74.83,40.97],[-74.84,40.97],[-74.84,40.98],[-74.86,40.99],[-74.86,41],[-74.87,41],[-74.87,41.01],[-74.88,41.01],[-74.88,41.02],[-74.89,41.02],[-74.89,41.03],[-74.9,41.03],[-74.91,41.04],[-74.92,41.05],[-74.92,41.06],[-74.93,41.06],[-74.94,41.06],[-74.94,41.07],[-74.95,41.08],[-74.96,41.09],[-74.97,41.09],[-74.97,41.1],[-74.97,41.09],[-74.98,41.09],[-74.99,41.09]]]},"properties":{"SLDL":"024","NAME":"Assembly District 24","GEOID":"34024"}},{"type":"Feature","geometry":{"type":"Polygon","coordinates":[[[-74.63,40.04],[-74.62,40.04],[-74.62,40.05],[-74.62,40.06],[-74.62,40.07],[-74.62,40.08],[-74.61,40.08],[-74.61,40.09],[-74.61,40.1],[-74.61,40.11],[-74.61,40.12],[-74.6,40.12],[-74.6,40.13],[-74.6,40.14],[-74.59,40.14],[-74.59,40.15],[-74.6,40.15],[-74.6,40.16],[-74.6,40.17],[-74.61,40.17],[-74.61,40.18],[-74.6,40.19],[-74.6,40.18],[-74.59,40.18],[-74.58,40.18],[-74.58,40.19],[-74.57,40.19],[-74.56,40.19],[-74.56,40.2],[-74.55,40.2],[-74.55,40.21],[-74.55,40.22],[-74.54,40.22],[-74.53,40.22],[-74.52,40.23],[-74.51,40.23],[-74.5,40.23],[-74.5,40.24],[-74.49,40.24],[-74.48,40.24],[-74.48,40.25],[-74.49,40.25],[-74.48,40.25],[-74.47,40.25],[-74.46,40.25],[-74.45,40.25],[-74.45,40.26],[-74.44,40.26],[-74.43,40.27],[-74.42,40.27],[-74.41,40.27],[-74.4,40.27],[-74.4,40.28],[-74.39,40.28],[-74.39,40.29],[-74.39,40.3],[-74.38,40.3],[-74.38,40.31],[-74.37,40.31],[-74.36,40.31],[-74.36,40.32],[-74.35,40.33],[-74.36,40.33],[-74.37,40.33],[-74.37,40.34],[-74.37,40.35],[-74.37,40.36],[-74.37,40.37],[-74.38,40.37],[-74.38,40.38],[-74.39,40.38],[-74.39,40.39],[-74.39,40.38],[-74.39,40.39],[-74.4,40.39],[-74.4,40.38],[-74.4,40.39],[-74.4,40.38],[-74.41,40.38],[-74.42,40.38],[-74.43,40.38],[-74.43,40.37],[-74.44,40.37],[-74.43,40.38],[-74.42,40.38],[-74.42,40.39],[-74.42,40.38],[-74.41,40.38],[-74.41,40.39],[-74.4,40.39],[-74.4,40.4],[-74.41,40.4],[-74.4,40.4],[-74.39,40.41],[-74.38,40.41],[-74.37,40.41],[-74.37,40.4],[-74.37,40.41],[-74.36,40.41],[-74.37,40.41],[-74.36,40.41],[-74.36,40.42],[-74.35,40.42],[-74.35,40.43],[-74.34,40.43],[-74.33,40.43],[-74.33,40.44],[-74.32,40.44],[-74.32,40.45],[-74.31,40.45],[-74.31,40.46],[-74.3,40.46],[-74.3,40.45],[-74.29,40.45],[-74.28,40.45],[-74.28,40.44],[-74.27,40.44],[-74.27,40.45],[-74.27,40.46],[-74.26,40.46],[-74.25,40.48],[-74.24,40.48],[-74.23,40.48],[-74.22,40.46],[-74.22,40.45],[-74.23,40.45],[-74.23,40.44],[-74.23,40.45],[-74.23,40.44],[-74.24,40.44],[-74.25,40.43],[-74.24,40.43],[-74.24,40.42],[-74.24,40.43],[-74.23,40.43],[-74.22,40.43],[-74.22,40.42],[-74.22,40.41],[-74.23,40.41],[-74.23,40.4],[-74.23,40.39],[-74.24,40.39],[-74.25,40.39],[-74.24,40.4],[-74.25,40.4],[-74.24,40.4],[-74.24,40.41],[-74.25,40.41],[-74.25,40.4],[-74.26,40.4],[-74.27,40.39],[-74.28,40.38],[-74.29,40.38],[-74.29,40.37],[-74.3,40.37],[-74.31,40.36],[-74.31,40.35],[-74.32,40.35],[-74.33,40.34],[-74.32,40.34],[-74.31,40.34],[-74.31,40.33],[-74.3,40.33],[-74.3,40.32],[-74.29,40.32],[-74.29,40.31],[-74.28,40.31],[-74.29,40.3],[-74.29,40.29],[-74.3,40.29],[-74.3,40.28],[-74.31,40.27],[-74.31,40.26],[-74.32,40.26],[-74.32,40.25],[-74.32,40.24],[-74.33,40.24],[-74.33,40.23],[-74.33,40.22],[-74.34,40.22],[-74.34,40.21],[-74.35,40.21],[-74.36,40.21],[-74.36,40.2],[-74.37,40.2],[-74.38,40.2],[-74.38,40.19],[-74.39,40.19],[-74.39,40.18],[-74.4,40.18],[-74.4,40.17],[-74.41,40.17],[-74.4,40.17],[-74.39,40.17],[-74.38,40.17],[-74.37,40.17],[-74.36,40.17],[-74.35,40.17],[-74.34,40.17],[-74.33,40.17],[-74.32,40.17],[-74.31,40.17],[-74.3,40.17],[-74.29,40.17],[-74.28,40.17],[-74.27,40.17],[-74.26,40.17],[-74.26,40.16],[-74.26,40.15],[-74.25,40.15],[-74.25,40.14],[-74.25,40.13],[-74.24,40.13],[-74.24,40.12],[-74.25,40.12],[-74.24,40.12],[-74.25,40.12],[-74.24,40.12],[-74.25,40.11],[-74.25,40.12],[-74.26,40.12],[-74.26,40.11],[-74.26,40.1],[-74.26,40.09],[-74.26,40.08],[-74.25,40.08],[-74.25,40.07],[-74.25,40.06],[-74.26,40.06],[-74.27,40.06],[-74.27,40.05],[-74.28,40.05],[-74.29,40.05],[-74.3,40.04],[-74.31,40.04],[-74.32,40.04],[-74.32,40.03],[-74.33,40.03],[-74.34,40.03],[-74.35,40.03],[-74.35,40.02],[-74.36,40.02],[-74.37,40.02],[-74.38,40.02],[-74.38,40.01],[-74.39,40.01],[-74.4,40.01],[-74.41,40.01],[-74.41,40],[-74.42,40],[-74.43,40],[-74.44,39.99],[-74.45,39.99],[-74.47,39.98],[-74.48,39.98],[-74.49,39.98],[-74.5,39.97],[-74.5,39.98],[-74.5,39.99],[-74.51,39.99],[-74.51,40],[-74.51,40.01],[-74.52,40.01],[-74.52,40.02],[-74.53,40.03],[-74.53,40.04],[-74.53,40.05],[-74.54,40.05],[-74.54,40.06],[-74.54,40.05],[-74.55,40.05],[-74.56,40.05],[-74.57,40.05],[-74.58,40.05],[-74.58,40.04],[-74.58,40.05],[-74.58,40.04],[-74.59,40.04],[-74.6,40.04],[-74.61,40.04],[-74.62,40.04],[-74.63,40.04]]]},"properties":{"SLDL":"012","NAME":"Assembly District 12","GEOID":"34012"}},{"type":"Feature","geometry":{"type":"MultiPolygon","coordinates":[[[[-74.15,40.94],[-74.14,40.94],[-74.14,40.93],[-74.14,40.92],[-74.13,40.92],[-74.12,40.92],[-74.11,40.92],[-74.11,40.91],[-74.11,40.9],[-74.1,40.9],[-74.1,40.89],[-74.1,40.88],[-74.1,40.89],[-74.09,40.89],[-74.09,40.88],[-74.1,40.88],[-74.1,40.87],[-74.09,40.87],[-74.1,40.87],[-74.1,40.86],[-74.09,40.86],[-74.09,40.87],[-74.09,40.86],[-74.09,40.85],[-74.08,40.85],[-74.08,40.84],[-74.07,40.84],[-74.07,40.83],[-74.06,40.83],[-74.06,40.84],[-74.06,40.83],[-74.05,40.83],[-74.04,40.83],[-74.03,40.83],[-74.03,40.84],[-74.03,40.85],[-74.03,40.86],[-74.04,40.86],[-74.04,40.87],[-74.05,40.87],[-74.06,40.87],[-74.07,40.88],[-74.06,40.88],[-74.06,40.89],[-74.06,40.9],[-74.06,40.91],[-74.05,40.91],[-74.04,40.91],[-74.03,40.91],[-74.03,40.92],[-74.02,40.92],[-74.02,40.91],[-74.01,40.91],[-74,40.91],[-73.99,40.91],[-73.98,40.91],[-73.98,40.92],[-73.98,40.93],[-73.98,40.94],[-73.99,40.94],[-74,40.94],[-74.01,40.94],[-74.01,40.95],[-74,40.95],[-74.01,40.95],[-74.01,40.96],[-74.02,40.96],[-74.03,40.96],[-74.02,40.96],[-74.02,40.97],[-74.03,40.97],[-74.04,40.97],[-74.04,40.96],[-74.05,40.96],[-74.05,40.97],[-74.06,40.97],[-74.07,40.98],[-74.08,40.98],[-74.09,40.98],[-74.09,40.97],[-74.1,40.97],[-74.1,40.96],[-74.09,40.96],[-74.1,40.96],[-74.1,40.95],[-74.1,40.96],[-74.11,40.96],[-74.11,40.97],[-74.12,40.97],[-74.13,40.97],[-74.14,40.97],[-74.14,40.96],[-74.14,40.95],[-74.15,40.95],[-74.15,40.94]]]]},"properties":{"SLDL":"038","NAME":"Assembly District 38","GEOID":"34038"}},{"type":"Feature","geometry":{"type":"Polygon","coordinates":[[[-74.41,40.17],[-74.4,40.17],[-74.4,40.18],[-74.39,40.18],[-74.39,40.19],[-74.38,40.19],[-74.38,40.2],[-74.37,40.2],[-74.36,40.2],[-74.36,40.21],[-74.35,40.21],[-74.34,40.21],[-74.34,40.22],[-74.33,40.22],[-74.33,40.23],[-74.33,40.24],[-74.32,40.24],[-74.32,40.25],[-74.32,40.26],[-74.31,40.26],[-74.31,40.27],[-74.3,40.28],[-74.3,40.29],[-74.29,40.29],[-74.28,40.29],[-74.28,40.3],[-74.27,40.3],[-74.27,40.29],[-74.26,40.29],[-74.26,40.3],[-74.26,40.29],[-74.25,40.29],[-74.24,40.29],[-74.24,40.28],[-74.23,40.28],[-74.22,40.28],[-74.22,40.29],[-74.22,40.3],[-74.22,40.31],[-74.22,40.32],[-74.22,40.33],[-74.22,40.34],[-74.21,40.34],[-74.2,40.34],[-74.2,40.35],[-74.2,40.34],[-74.19,40.34],[-74.18,40.34],[-74.18,40.33],[-74.17,40.33],[-74.16,40.33],[-74.15,40.33],[-74.15,40.32],[-74.14,40.32],[-74.14,40.33],[-74.14,40.32],[-74.13,40.32],[-74.12,40.32],[-74.11,40.32],[-74.11,40.33],[-74.11,40.32],[-74.1,40.32],[-74.1,40.33],[-74.09,40.33],[-74.1,40.33],[-74.09,40.33],[-74.09,40.34],[-74.08,40.34],[-74.08,40.35],[-74.08,40.36],[-74.07,40.36],[-74.06,40.36],[-74.06,40.37],[-74.05,40.37],[-74.04,40.37],[-74.03,40.38],[-74.03,40.37],[-74.02,40.37],[-74.02,40.36],[-74.03,40.36],[-74.03,40.35],[-74.04,40.35],[-74.05,40.35],[-74.05,40.34],[-74.06,40.34],[-74.06,40.33],[-74.05,40.33],[-74.04,40.33],[-74.04,40.32],[-74.05,40.32],[-74.05,40.31],[-74.04,40.31],[-74.04,40.3],[-74.03,40.3],[-74.04,40.3],[-74.03,40.3],[-74.03,40.29],[-74.04,40.29],[-74.03,40.29],[-74.04,40.28],[-74.03,40.28],[-74.03,40.27],[-74.02,40.27],[-74.01,40.27],[-74.01,40.28],[-74,40.28],[-74,40.29],[-74.01,40.29],[-74.01,40.3],[-74.01,40.31],[-74.01,40.3],[-74.01,40.31],[-74,40.31],[-74,40.32],[-74,40.33],[-73.99,40.33],[-73.98,40.33],[-73.98,40.32],[-73.97,40.32],[-73.93,40.32],[-73.89,40.31],[-73.9,40.27],[-73.91,40.25],[-73.91,40.24],[-73.92,40.22],[-73.93,40.19],[-73.95,40.15],[-73.96,40.12],[-73.97,40.11],[-73.97,40.1],[-74,40.1],[-74.01,40.1],[-74.02,40.11],[-74.03,40.12],[-74.02,40.12],[-74.02,40.13],[-74.02,40.14],[-74.02,40.15],[-74.02,40.17],[-74.01,40.17],[-74.01,40.18],[-74.01,40.19],[-74,40.2],[-74.01,40.2],[-74.02,40.2],[-74.02,40.19],[-74.03,40.19],[-74.03,40.18],[-74.03,40.19],[-74.03,40.18],[-74.04,40.18],[-74.05,40.18],[-74.05,40.19],[-74.06,40.19],[-74.06,40.2],[-74.07,40.2],[-74.08,40.2],[-74.09,40.2],[-74.08,40.2],[-74.09,40.2],[-74.09,40.21],[-74.1,40.21],[-74.11,40.21],[-74.11,40.22],[-74.11,40.21],[-74.11,40.22],[-74.12,40.22],[-74.12,40.23],[-74.13,40.23],[-74.12,40.23],[-74.12,40.24],[-74.12,40.25],[-74.13,40.25],[-74.14,40.25],[-74.15,40.25],[-74.16,40.25],[-74.17,40.25],[-74.17,40.26],[-74.18,40.26],[-74.19,40.26],[-74.2,40.26],[-74.21,40.26],[-74.22,40.26],[-74.23,40.26],[-74.23,40.25],[-74.24,40.25],[-74.24,40.24],[-74.25,40.24],[-74.25,40.23],[-74.26,40.22],[-74.26,40.21],[-74.27,40.21],[-74.27,40.2],[-74.27,40.19],[-74.27,40.18],[-74.27,40.17],[-74.26,40.17],[-74.27,40.17],[-74.28,40.17],[-74.29,40.17],[-74.3,40.17],[-74.31,40.17],[-74.32,40.17],[-74.33,40.17],[-74.34,40.17],[-74.35,40.17],[-74.36,40.17],[-74.37,40.17],[-74.38,40.17],[-74.39,40.17],[-74.4,40.17],[-74.41,40.17]]]},"properties":{"SLDL":"011","NAME":"Assembly District 11","GEOID":"34011"}},{"type":"Feature","geometry":{"type":"Polygon","coordinates":[[[-75.17,39.8],[-75.17,39.81],[-75.16,39.82],[-75.16,39.83],[-75.17,39.83],[-75.16,39.83],[-75.17,39.83],[-75.17,39.84],[-75.17,39.85],[-75.16,39.85],[-75.16,39.84],[-75.16,39.85],[-75.16,39.84],[-75.15,39.84],[-75.15,39.85],[-75.14,39.85],[-75.14,39.86],[-75.13,39.86],[-75.14,39.86],[-75.13,39.86],[-75.12,39.86],[-75.11,39.86],[-75.12,39.87],[-75.12,39.86],[-75.12,39.87],[-75.13,39.87],[-75.13,39.88],[-75.14,39.89],[-75.13,39.9],[-75.13,39.91],[-75.13,39.92],[-75.13,39.93],[-75.14,39.93],[-75.14,39.94],[-75.14,39.95],[-75.13,39.95],[-75.13,39.96],[-75.12,39.96],[-75.12,39.97],[-75.11,39.97],[-75.1,39.97],[-75.09,39.97],[-75.09,39.98],[-75.08,39.98],[-75.07,39.98],[-75.06,39.99],[-75.05,39.99],[-75.04,39.99],[-75.04,40],[-75.03,40],[-75.03,39.99],[-75.02,39.99],[-75.02,39.98],[-75.01,39.98],[-75.02,39.98],[-75.01,39.98],[-75.02,39.98],[-75.02,39.97],[-75.02,39.98],[-75.02,39.97],[-75.02,39.96],[-75.01,39.96],[-75.01,39.95],[-75.02,39.95],[-75.03,39.95],[-75.04,39.95],[-75.03,39.95],[-75.04,39.95],[-75.05,39.95],[-75.05,39.94],[-75.06,39.94],[-75.06,39.93],[-75.07,39.93],[-75.07,39.92],[-75.06,39.92],[-75.06,39.91],[-75.07,39.91],[-75.08,39.91],[-75.09,39.91],[-75.1,39.91],[-75.1,39.9],[-75.09,39.9],[-75.1,39.9],[-75.1,39.89],[-75.09,39.89],[-75.08,39.89],[-75.08,39.9],[-75.08,39.89],[-75.08,39.9],[-75.07,39.9],[-75.06,39.9],[-75.06,39.89],[-75.05,39.89],[-75.05,39.88],[-75.04,39.88],[-75.04,39.87],[-75.05,39.87],[-75.04,39.87],[-75.05,39.87],[-75.04,39.87],[-75.04,39.86],[-75.05,39.86],[-75.05,39.85],[-75.06,39.85],[-75.07,39.85],[-75.07,39.84],[-75.08,39.84],[-75.09,39.84],[-75.08,39.84],[-75.08,39.83],[-75.09,39.83],[-75.08,39.83],[-75.09,39.83],[-75.09,39.82],[-75.08,39.82],[-75.09,39.82],[-75.09,39.81],[-75.08,39.81],[-75.08,39.8],[-75.08,39.79],[-75.09,39.79],[-75.09,39.8],[-75.09,39.79],[-75.1,39.79],[-75.1,39.78],[-75.11,39.78],[-75.12,39.77],[-75.13,39.77],[-75.14,39.77],[-75.14,39.78],[-75.15,39.78],[-75.14,39.78],[-75.14,39.79],[-75.14,39.8],[-75.15,39.8],[-75.16,39.8],[-75.16,39.79],[-75.17,39.79],[-75.17,39.8]]]},"properties":{"SLDL":"005","NAME":"Assembly District 05","GEOID":"34005"}},{"type":"Feature","geometry":{"type":"Polygon","coordinates":[[[-74.96,39.91],[-74.95,39.91],[-74.94,39.91],[-74.93,39.92],[-74.92,39.92],[-74.91,39.92],[-74.9,39.92],[-74.89,39.92],[-74.88,39.92],[-74.87,39.92],[-74.86,39.92],[-74.86,39.93],[-74.86,39.94],[-74.86,39.95],[-74.86,39.96],[-74.86,39.97],[-74.86,39.98],[-74.85,39.98],[-74.85,39.99],[-74.86,39.99],[-74.86,40],[-74.87,40],[-74.87,40.01],[-74.86,40.01],[-74.86,40.02],[-74.86,40.03],[-74.85,40.03],[-74.84,40.03],[-74.83,40.03],[-74.83,40.02],[-74.82,40.02],[-74.82,40.03],[-74.82,40.04],[-74.81,40.04],[-74.8,40.04],[-74.8,40.05],[-74.81,40.05],[-74.81,40.06],[-74.81,40.07],[-74.81,40.08],[-74.81,40.07],[-74.8,40.07],[-74.8,40.06],[-74.79,40.06],[-74.79,40.07],[-74.79,40.06],[-74.78,40.06],[-74.78,40.07],[-74.78,40.06],[-74.77,40.06],[-74.77,40.07],[-74.77,40.08],[-74.76,40.09],[-74.76,40.1],[-74.75,40.1],[-74.76,40.1],[-74.76,40.11],[-74.77,40.11],[-74.77,40.12],[-74.76,40.12],[-74.75,40.12],[-74.75,40.13],[-74.74,40.13],[-74.74,40.12],[-74.73,40.12],[-74.72,40.12],[-74.72,40.11],[-74.71,40.11],[-74.71,40.12],[-74.7,40.12],[-74.69,40.12],[-74.68,40.12],[-74.68,40.13],[-74.68,40.14],[-74.68,40.15],[-74.68,40.16],[-74.68,40.17],[-74.67,40.17],[-74.67,40.16],[-74.67,40.17],[-74.67,40.16],[-74.66,40.16],[-74.65,40.16],[-74.64,40.16],[-74.64,40.15],[-74.64,40.16],[-74.64,40.15],[-74.63,40.15],[-74.62,40.15],[-74.62,40.14],[-74.61,40.14],[-74.62,40.14],[-74.61,40.14],[-74.6,40.14],[-74.6,40.13],[-74.6,40.12],[-74.61,40.12],[-74.61,40.11],[-74.61,40.1],[-74.61,40.09],[-74.61,40.08],[-74.62,40.08],[-74.62,40.07],[-74.62,40.06],[-74.62,40.05],[-74.62,40.04],[-74.63,40.04],[-74.62,40.04],[-74.61,40.04],[-74.6,40.04],[-74.59,40.04],[-74.58,40.04],[-74.58,40.05],[-74.58,40.04],[-74.58,40.05],[-74.57,40.05],[-74.56,40.05],[-74.55,40.05],[-74.54,40.05],[-74.54,40.06],[-74.54,40.05],[-74.53,40.05],[-74.53,40.04],[-74.53,40.03],[-74.52,40.02],[-74.52,40.01],[-74.51,40.01],[-74.51,40],[-74.51,39.99],[-74.5,39.99],[-74.5,39.98],[-74.5,39.97],[-74.49,39.97],[-74.49,39.96],[-74.49,39.95],[-74.48,39.95],[-74.48,39.94],[-74.48,39.93],[-74.47,39.93],[-74.47,39.92],[-74.47,39.91],[-74.46,39.9],[-74.45,39.89],[-74.45,39.88],[-74.44,39.88],[-74.44,39.87],[-74.44,39.86],[-74.43,39.85],[-74.43,39.84],[-74.42,39.83],[-74.42,39.82],[-74.41,39.82],[-74.41,39.81],[-74.41,39.8],[-74.4,39.8],[-74.4,39.79],[-74.39,39.78],[-74.39,39.77],[-74.39,39.76],[-74.39,39.75],[-74.39,39.74],[-74.39,39.73],[-74.39,39.72],[-74.39,39.71],[-74.39,39.7],[-74.39,39.69],[-74.39,39.68],[-74.39,39.67],[-74.39,39.66],[-74.39,39.65],[-74.39,39.64],[-74.39,39.63],[-74.39,39.62],[-74.39,39.61],[-74.39,39.6],[-74.39,39.59],[-74.4,39.59],[-74.39,39.59],[-74.4,39.59],[-74.4,39.58],[-74.4,39.57],[-74.41,39.57],[-74.42,39.57],[-74.42,39.56],[-74.41,39.56],[-74.42,39.56],[-74.42,39.55],[-74.43,39.55],[-74.43,39.56],[-74.44,39.56],[-74.44,39.55],[-74.43,39.55],[-74.43,39.54],[-74.44,39.54],[-74.44,39.55],[-74.45,39.55],[-74.44,39.55],[-74.44,39.56],[-74.45,39.56],[-74.45,39.55],[-74.46,39.55],[-74.46,39.56],[-74.47,39.56],[-74.47,39.55],[-74.48,39.55],[-74.48,39.56],[-74.49,39.56],[-74.5,39.56],[-74.49,39.56],[-74.5,39.56],[-74.5,39.57],[-74.51,39.57],[-74.52,39.57],[-74.53,39.57],[-74.54,39.57],[-74.55,39.57],[-74.56,39.57],[-74.57,39.57],[-74.58,39.57],[-74.58,39.56],[-74.59,39.56],[-74.59,39.55],[-74.6,39.55],[-74.61,39.55],[-74.61,39.54],[-74.62,39.54],[-74.62,39.53],[-74.63,39.53],[-74.63,39.52],[-74.64,39.52],[-74.65,39.53],[-74.66,39.53],[-74.67,39.53],[-74.69,39.53],[-74.69,39.54],[-74.7,39.54],[-74.7,39.55],[-74.71,39.55],[-74.72,39.56],[-74.73,39.57],[-74.74,39.57],[-74.76,39.59],[-74.77,39.59],[-74.78,39.6],[-74.79,39.59],[-74.8,39.59],[-74.8,39.58],[-74.81,39.58],[-74.81,39.57],[-74.82,39.57],[-74.83,39.56],[-74.83,39.57],[-74.84,39.57],[-74.84,39.58],[-74.85,39.58],[-74.86,39.58],[-74.86,39.59],[-74.87,39.59],[-74.88,39.6],[-74.88,39.61],[-74.87,39.61],[-74.87,39.62],[-74.86,39.62],[-74.86,39.63],[-74.85,39.63],[-74.85,39.64],[-74.84,39.64],[-74.83,39.65],[-74.82,39.66],[-74.81,39.66],[-74.8,39.67],[-74.8,39.68],[-74.79,39.68],[-74.79,39.69],[-74.78,39.69],[-74.77,39.7],[-74.75,39.71],[-74.75,39.72],[-74.74,39.72],[-74.74,39.73],[-74.75,39.74],[-74.76,39.74],[-74.76,39.75],[-74.77,39.75],[-74.78,39.75],[-74.78,39.76],[-74.78,39.77],[-74.79,39.77],[-74.8,39.77],[-74.8,39.78],[-74.81,39.78],[-74.81,39.79],[-74.82,39.79],[-74.83,39.79],[-74.84,39.79],[-74.85,39.79],[-74.86,39.79],[-74.86,39.78],[-74.87,39.78],[-74.88,39.78],[-74.89,39.78],[-74.9,39.78],[-74.9,39.79],[-74.9,39.8],[-74.91,39.8],[-74.91,39.81],[-74.91,39.82],[-74.91,39.83],[-74.92,39.83],[-74.92,39.84],[-74.92,39.85],[-74.92,39.86],[-74.92,39.87],[-74.93,39.87],[-74.93,39.88],[-74.93,39.89],[-74.94,39.89],[-74.94,39.9],[-74.95,39.9],[-74.95,39.91],[-74.96,39.91]]]},"properties":{"SLDL":"008","NAME":"Assembly District 08","GEOID":"34008"}},{"type":"Feature","geometry":{"type":"Polygon","coordinates":[[[-74.34,40.88],[-74.34,40.89],[-74.34,40.9],[-74.33,40.9],[-74.34,40.9],[-74.33,40.9],[-74.33,40.91],[-74.32,40.91],[-74.32,40.9],[-74.31,40.9],[-74.31,40.91],[-74.31,40.9],[-74.31,40.91],[-74.3,40.91],[-74.3,40.9],[-74.3,40.91],[-74.29,40.91],[-74.29,40.9],[-74.28,40.9],[-74.29,40.9],[-74.28,40.9],[-74.27,40.9],[-74.27,40.91],[-74.27,40.92],[-74.28,40.92],[-74.29,40.92],[-74.28,40.92],[-74.29,40.92],[-74.29,40.93],[-74.28,40.93],[-74.28,40.94],[-74.28,40.95],[-74.28,40.96],[-74.28,40.97],[-74.28,40.98],[-74.28,40.99],[-74.28,41],[-74.28,41.01],[-74.27,41.01],[-74.26,41.01],[-74.26,41],[-74.25,41],[-74.25,40.99],[-74.25,41],[-74.24,41],[-74.24,41.01],[-74.23,41.01],[-74.23,41.02],[-74.22,41.02],[-74.22,41.03],[-74.21,41.03],[-74.21,41.04],[-74.2,41.04],[-74.2,41.05],[-74.2,41.04],[-74.19,41.04],[-74.18,41.04],[-74.18,41.03],[-74.17,41.03],[-74.17,41.02],[-74.16,41.02],[-74.16,41.03],[-74.16,41.02],[-74.15,41.02],[-74.15,41.01],[-74.14,41.01],[-74.14,41],[-74.15,41],[-74.16,41],[-74.15,41],[-74.15,40.99],[-74.14,40.99],[-74.14,40.98],[-74.13,40.99],[-74.13,41],[-74.13,41.01],[-74.12,41.01],[-74.12,41],[-74.11,41],[-74.11,40.99],[-74.11,41],[-74.11,40.99],[-74.11,41],[-74.11,40.99],[-74.1,40.99],[-74.09,40.99],[-74.08,40.99],[-74.08,40.98],[-74.09,40.98],[-74.09,40.97],[-74.1,40.97],[-74.1,40.96],[-74.09,40.96],[-74.1,40.96],[-74.1,40.95],[-74.1,40.96],[-74.11,40.96],[-74.11,40.97],[-74.12,40.97],[-74.13,40.97],[-74.14,40.97],[-74.14,40.96],[-74.14,40.95],[-74.15,40.95],[-74.15,40.94],[-74.16,40.94],[-74.17,40.94],[-74.17,40.93],[-74.17,40.94],[-74.17,40.95],[-74.17,40.96],[-74.17,40.97],[-74.17,40.98],[-74.18,40.98],[-74.19,40.98],[-74.2,40.98],[-74.21,40.98],[-74.2,40.98],[-74.2,40.97],[-74.2,40.96],[-74.2,40.95],[-74.2,40.94],[-74.2,40.93],[-74.2,40.92],[-74.21,40.92],[-74.2,40.92],[-74.2,40.91],[-74.19,40.91],[-74.19,40.9],[-74.18,40.9],[-74.17,40.9],[-74.18,40.9],[-74.18,40.89],[-74.18,40.88],[-74.19,40.88],[-74.19,40.87],[-74.19,40.86],[-74.2,40.86],[-74.21,40.86],[-74.21,40.85],[-74.21,40.84],[-74.22,40.84],[-74.22,40.83],[-74.23,40.83],[-74.23,40.82],[-74.23,40.81],[-74.24,40.82],[-74.25,40.82],[-74.25,40.83],[-74.26,40.83],[-74.27,40.83],[-74.27,40.82],[-74.28,40.82],[-74.28,40.81],[-74.28,40.82],[-74.29,40.82],[-74.29,40.83],[-74.3,40.83],[-74.31,40.83],[-74.32,40.83],[-74.32,40.84],[-74.33,40.84],[-74.33,40.85],[-74.33,40.86],[-74.32,40.86],[-74.32,40.87],[-74.32,40.86],[-74.33,40.87],[-74.34,40.87],[-74.33,40.87],[-74.34,40.87],[-74.34,40.88],[-74.33,40.88],[-74.34,40.88]]]},"properties":{"SLDL":"040","NAME":"Assembly District 40","GEOID":"34040"}},{"type":"Feature","geometry":{"type":"Polygon","coordinates":[[[-74.87,39.52],[-74.86,39.53],[-74.85,39.54],[-74.85,39.55],[-74.84,39.55],[-74.83,39.55],[-74.83,39.56],[-74.82,39.57],[-74.81,39.57],[-74.81,39.58],[-74.8,39.58],[-74.8,39.59],[-74.79,39.59],[-74.78,39.6],[-74.77,39.59],[-74.76,39.59],[-74.74,39.57],[-74.73,39.57],[-74.72,39.56],[-74.71,39.55],[-74.7,39.55],[-74.7,39.54],[-74.69,39.54],[-74.69,39.53],[-74.67,39.53],[-74.66,39.53],[-74.65,39.53],[-74.64,39.52],[-74.63,39.52],[-74.63,39.53],[-74.62,39.53],[-74.62,39.54],[-74.61,39.54],[-74.61,39.55],[-74.6,39.55],[-74.59,39.55],[-74.59,39.56],[-74.58,39.56],[-74.58,39.57],[-74.57,39.57],[-74.56,39.57],[-74.55,39.57],[-74.54,39.57],[-74.53,39.57],[-74.52,39.57],[-74.51,39.57],[-74.5,39.57],[-74.5,39.56],[-74.49,39.56],[-74.5,39.56],[-74.49,39.56],[-74.48,39.56],[-74.48,39.55],[-74.47,39.55],[-74.47,39.56],[-74.46,39.56],[-74.46,39.55],[-74.45,39.55],[-74.45,39.56],[-74.44,39.56],[-74.44,39.55],[-74.45,39.55],[-74.44,39.55],[-74.44,39.54],[-74.43,39.54],[-74.43,39.55],[-74.44,39.55],[-74.44,39.56],[-74.43,39.56],[-74.43,39.55],[-74.42,39.55],[-74.42,39.56],[-74.42,39.55],[-74.41,39.55],[-74.41,39.54],[-74.4,39.54],[-74.4,39.53],[-74.39,39.52],[-74.39,39.51],[-74.38,39.51],[-74.38,39.5],[-74.37,39.5],[-74.36,39.5],[-74.36,39.51],[-74.35,39.51],[-74.34,39.51],[-74.33,39.51],[-74.32,39.51],[-74.32,39.5],[-74.31,39.5],[-74.3,39.48],[-74.29,39.48],[-74.25,39.48],[-74.23,39.48],[-74.25,39.45],[-74.25,39.44],[-74.27,39.42],[-74.29,39.4],[-74.31,39.38],[-74.31,39.37],[-74.33,39.36],[-74.34,39.35],[-74.35,39.35],[-74.35,39.34],[-74.36,39.34],[-74.36,39.33],[-74.37,39.32],[-74.38,39.32],[-74.39,39.31],[-74.41,39.31],[-74.43,39.31],[-74.45,39.3],[-74.46,39.3],[-74.47,39.3],[-74.5,39.3],[-74.53,39.3],[-74.54,39.3],[-74.55,39.3],[-74.56,39.3],[-74.57,39.3],[-74.58,39.3],[-74.58,39.31],[-74.59,39.31],[-74.6,39.31],[-74.6,39.3],[-74.61,39.3],[-74.62,39.3],[-74.62,39.29],[-74.63,39.29],[-74.63,39.3],[-74.64,39.3],[-74.65,39.3],[-74.65,39.31],[-74.66,39.31],[-74.65,39.31],[-74.65,39.32],[-74.66,39.32],[-74.67,39.32],[-74.67,39.33],[-74.68,39.33],[-74.69,39.33],[-74.7,39.33],[-74.7,39.34],[-74.71,39.34],[-74.71,39.35],[-74.71,39.36],[-74.72,39.36],[-74.72,39.37],[-74.72,39.38],[-74.72,39.39],[-74.72,39.4],[-74.72,39.41],[-74.72,39.42],[-74.71,39.42],[-74.71,39.43],[-74.72,39.43],[-74.72,39.44],[-74.72,39.45],[-74.73,39.45],[-74.74,39.44],[-74.75,39.44],[-74.76,39.44],[-74.77,39.44],[-74.78,39.44],[-74.79,39.43],[-74.8,39.43],[-74.81,39.43],[-74.82,39.43],[-74.83,39.43],[-74.83,39.42],[-74.84,39.42],[-74.84,39.43],[-74.84,39.44],[-74.84,39.45],[-74.85,39.45],[-74.85,39.46],[-74.85,39.47],[-74.85,39.48],[-74.86,39.48],[-74.86,39.49],[-74.86,39.5],[-74.86,39.51],[-74.87,39.51],[-74.87,39.52]]]},"properties":{"SLDL":"002","NAME":"Assembly District 02","GEOID":"34002"}},{"type":"Feature","geometry":{"type":"Polygon","coordinates":[[[-75.1,39.89],[-75.1,39.9],[-75.09,39.9],[-75.1,39.9],[-75.1,39.91],[-75.09,39.91],[-75.08,39.91],[-75.07,39.91],[-75.06,39.91],[-75.06,39.92],[-75.07,39.92],[-75.07,39.93],[-75.06,39.93],[-75.06,39.94],[-75.05,39.94],[-75.05,39.95],[-75.04,39.95],[-75.03,39.95],[-75.04,39.95],[-75.03,39.95],[-75.02,39.95],[-75.01,39.95],[-75.01,39.96],[-75.02,39.96],[-75.02,39.97],[-75.01,39.97],[-75,39.97],[-74.99,39.97],[-75,39.97],[-75,39.96],[-74.99,39.96],[-74.98,39.96],[-74.98,39.95],[-74.97,39.95],[-74.97,39.94],[-74.97,39.93],[-74.98,39.93],[-74.98,39.92],[-74.97,39.92],[-74.96,39.92],[-74.96,39.91],[-74.95,39.91],[-74.95,39.9],[-74.94,39.9],[-74.94,39.89],[-74.93,39.89],[-74.93,39.88],[-74.93,39.87],[-74.92,39.87],[-74.92,39.86],[-74.92,39.85],[-74.92,39.84],[-74.92,39.83],[-74.91,39.83],[-74.91,39.82],[-74.91,39.81],[-74.91,39.8],[-74.9,39.8],[-74.9,39.79],[-74.91,39.79],[-74.91,39.78],[-74.92,39.78],[-74.93,39.78],[-74.94,39.78],[-74.95,39.78],[-74.96,39.78],[-74.96,39.77],[-74.97,39.77],[-74.98,39.77],[-74.98,39.78],[-74.99,39.78],[-75,39.78],[-75.01,39.78],[-75.01,39.79],[-75.01,39.8],[-75.02,39.8],[-75.02,39.81],[-75.03,39.81],[-75.03,39.82],[-75.03,39.83],[-75.04,39.83],[-75.03,39.83],[-75.03,39.84],[-75.04,39.84],[-75.04,39.85],[-75.05,39.85],[-75.05,39.86],[-75.04,39.86],[-75.04,39.87],[-75.05,39.87],[-75.04,39.87],[-75.05,39.87],[-75.04,39.87],[-75.04,39.88],[-75.05,39.88],[-75.05,39.89],[-75.06,39.89],[-75.06,39.9],[-75.07,39.9],[-75.08,39.9],[-75.08,39.89],[-75.08,39.9],[-75.08,39.89],[-75.09,39.89],[-75.1,39.89]]]},"properties":{"SLDL":"006","NAME":"Assembly District 06","GEOID":"34006"}},{"type":"Feature","geometry":{"type":"Polygon","coordinates":[[[-75.2,40.69],[-75.2,40.7],[-75.2,40.71],[-75.19,40.71],[-75.19,40.72],[-75.19,40.73],[-75.18,40.73],[-75.19,40.74],[-75.2,40.75],[-75.19,40.75],[-75.19,40.76],[-75.18,40.76],[-75.18,40.77],[-75.17,40.77],[-75.17,40.78],[-75.16,40.78],[-75.15,40.77],[-75.14,40.77],[-75.13,40.77],[-75.13,40.78],[-75.12,40.78],[-75.12,40.79],[-75.11,40.79],[-75.11,40.8],[-75.1,40.8],[-75.1,40.81],[-75.09,40.81],[-75.09,40.82],[-75.08,40.82],[-75.08,40.83],[-75.09,40.83],[-75.09,40.84],[-75.1,40.84],[-75.1,40.85],[-75.09,40.85],[-75.08,40.85],[-75.07,40.85],[-75.06,40.85],[-75.06,40.86],[-75.05,40.86],[-75.05,40.87],[-75.06,40.87],[-75.06,40.88],[-75.06,40.89],[-75.07,40.89],[-75.08,40.89],[-75.08,40.9],[-75.08,40.91],[-75.08,40.92],[-75.09,40.92],[-75.1,40.92],[-75.1,40.93],[-75.11,40.94],[-75.11,40.95],[-75.12,40.95],[-75.12,40.96],[-75.12,40.97],[-75.13,40.97],[-75.14,40.97],[-75.14,40.98],[-75.13,40.98],[-75.13,40.99],[-75.12,40.99],[-75.12,41],[-75.11,41],[-75.11,41.01],[-75.1,41.01],[-75.09,41.01],[-75.09,41.02],[-75.08,41.02],[-75.07,41.02],[-75.06,41.02],[-75.05,41.03],[-75.04,41.03],[-75.04,41.04],[-75.03,41.04],[-75.03,41.05],[-75.02,41.05],[-75.02,41.06],[-75.01,41.06],[-75.01,41.07],[-75,41.07],[-75,41.08],[-74.99,41.08],[-74.98,41.08],[-74.97,41.08],[-74.97,41.09],[-74.96,41.09],[-74.95,41.08],[-74.94,41.07],[-74.94,41.06],[-74.93,41.06],[-74.92,41.06],[-74.92,41.05],[-74.91,41.04],[-74.9,41.03],[-74.89,41.03],[-74.89,41.02],[-74.88,41.02],[-74.88,41.01],[-74.87,41.01],[-74.87,41],[-74.86,41],[-74.86,40.99],[-74.84,40.98],[-74.84,40.97],[-74.83,40.97],[-74.83,40.96],[-74.82,40.96],[-74.83,40.96],[-74.84,40.95],[-74.85,40.95],[-74.86,40.95],[-74.87,40.94],[-74.88,40.94],[-74.89,40.93],[-74.9,40.93],[-74.9,40.92],[-74.91,40.92],[-74.92,40.92],[-74.92,40.91],[-74.93,40.91],[-74.93,40.9],[-74.92,40.9],[-74.92,40.89],[-74.92,40.88],[-74.92,40.87],[-74.92,40.86],[-74.91,40.86],[-74.91,40.85],[-74.9,40.85],[-74.89,40.85],[-74.88,40.85],[-74.88,40.84],[-74.87,40.84],[-74.86,40.84],[-74.85,40.84],[-74.85,40.85],[-74.84,40.85],[-74.84,40.86],[-74.83,40.86],[-74.83,40.87],[-74.82,40.87],[-74.82,40.86],[-74.82,40.87],[-74.82,40.88],[-74.81,40.88],[-74.81,40.87],[-74.8,40.87],[-74.8,40.86],[-74.81,40.86],[-74.81,40.85],[-74.82,40.85],[-74.82,40.84],[-74.82,40.83],[-74.83,40.83],[-74.83,40.82],[-74.84,40.82],[-74.84,40.81],[-74.85,40.81],[-74.85,40.8],[-74.86,40.8],[-74.87,40.8],[-74.86,40.8],[-74.87,40.8],[-74.87,40.79],[-74.87,40.8],[-74.87,40.79],[-74.88,40.79],[-74.89,40.79],[-74.89,40.78],[-74.88,40.78],[-74.87,40.78],[-74.87,40.77],[-74.86,40.77],[-74.85,40.76],[-74.84,40.76],[-74.84,40.75],[-74.83,40.75],[-74.83,40.74],[-74.82,40.74],[-74.81,40.74],[-74.8,40.74],[-74.79,40.74],[-74.78,40.74],[-74.77,40.74],[-74.77,40.73],[-74.76,40.73],[-74.75,40.73],[-74.74,40.73],[-74.74,40.72],[-74.73,40.72],[-74.72,40.72],[-74.71,40.72],[-74.7,40.73],[-74.69,40.73],[-74.68,40.73],[-74.68,40.72],[-74.68,40.71],[-74.68,40.7],[-74.67,40.7],[-74.68,40.7],[-74.67,40.7],[-74.68,40.7],[-74.67,40.7],[-74.66,40.7],[-74.65,40.7],[-74.65,40.69],[-74.64,40.69],[-74.64,40.68],[-74.63,40.68],[-74.63,40.67],[-74.63,40.66],[-74.62,40.65],[-74.62,40.64],[-74.61,40.64],[-74.6,40.64],[-74.6,40.63],[-74.59,40.63],[-74.59,40.62],[-74.58,40.62],[-74.57,40.62],[-74.57,40.61],[-74.56,40.61],[-74.56,40.6],[-74.55,40.6],[-74.54,40.6],[-74.53,40.61],[-74.53,40.6],[-74.53,40.59],[-74.52,40.59],[-74.51,40.58],[-74.52,40.58],[-74.52,40.57],[-74.53,40.57],[-74.53,40.56],[-74.52,40.56],[-74.53,40.56],[-74.54,40.56],[-74.54,40.55],[-74.55,40.55],[-74.56,40.55],[-74.56,40.54],[-74.57,40.54],[-74.58,40.54],[-74.58,40.53],[-74.59,40.53],[-74.6,40.53],[-74.61,40.53],[-74.6,40.53],[-74.6,40.54],[-74.61,40.54],[-74.6,40.54],[-74.6,40.55],[-74.6,40.56],[-74.61,40.56],[-74.62,40.56],[-74.63,40.56],[-74.64,40.56],[-74.65,40.56],[-74.65,40.55],[-74.66,40.55],[-74.67,40.55],[-74.68,40.55],[-74.69,40.55],[-74.69,40.56],[-74.68,40.56],[-74.68,40.57],[-74.68,40.58],[-74.68,40.59],[-74.68,40.6],[-74.67,40.6],[-74.67,40.61],[-74.67,40.62],[-74.68,40.62],[-74.68,40.63],[-74.69,40.63],[-74.7,40.63],[-74.7,40.62],[-74.71,40.62],[-74.71,40.63],[-74.72,40.63],[-74.73,40.63],[-74.73,40.64],[-74.72,40.64],[-74.72,40.65],[-74.73,40.65],[-74.74,40.65],[-74.74,40.66],[-74.74,40.65],[-74.75,40.65],[-74.75,40.64],[-74.76,40.64],[-74.76,40.63],[-74.76,40.62],[-74.76,40.63],[-74.77,40.63],[-74.76,40.63],[-74.76,40.64],[-74.76,40.65],[-74.77,40.65],[-74.76,40.65],[-74.76,40.66],[-74.77,40.66],[-74.77,40.67],[-74.78,40.67],[-74.78,40.66],[-74.79,40.66],[-74.79,40.65],[-74.8,40.66],[-74.81,40.66],[-74.82,40.67],[-74.83,40.67],[-74.83,40.68],[-74.84,40.68],[-74.84,40.69],[-74.85,40.69],[-74.86,40.69],[-74.87,40.69],[-74.88,40.69],[-74.88,40.68],[-74.89,40.68],[-74.9,40.68],[-74.91,40.68],[-74.91,40.67],[-74.92,40.67],[-74.92,40.66],[-74.92,40.65],[-74.92,40.64],[-74.93,40.64],[-74.93,40.63],[-74.92,40.63],[-74.92,40.62],[-74.91,40.62],[-74.91,40.63],[-74.91,40.62],[-74.92,40.62],[-74.91,40.62],[-74.91,40.61],[-74.9,40.61],[-74.9,40.6],[-74.91,40.6],[-74.9,40.6],[-74.89,40.6],[-74.89,40.59],[-74.89,40.58],[-74.88,40.58],[-74.88,40.57],[-74.89,40.57],[-74.89,40.56],[-74.9,40.56],[-74.9,40.55],[-74.91,40.55],[-74.91,40.54],[-74.92,40.54],[-74.92,40.53],[-74.93,40.53],[-74.94,40.52],[-74.94,40.51],[-74.95,40.51],[-74.95,40.5],[-74.95,40.51],[-74.96,40.51],[-74.96,40.52],[-74.97,40.52],[-74.97,40.53],[-74.98,40.54],[-74.98,40.55],[-74.99,40.56],[-75,40.56],[-75,40.55],[-75.01,40.55],[-75.03,40.55],[-75.05,40.54],[-75.06,40.54],[-75.07,40.54],[-75.07,40.55],[-75.08,40.55],[-75.09,40.55],[-75.09,40.56],[-75.1,40.56],[-75.1,40.57],[-75.11,40.57],[-75.12,40.57],[-75.13,40.57],[-75.13,40.58],[-75.14,40.58],[-75.14,40.57],[-75.15,40.57],[-75.16,40.57],[-75.16,40.56],[-75.17,40.56],[-75.18,40.56],[-75.18,40.57],[-75.19,40.57],[-75.19,40.58],[-75.19,40.59],[-75.19,40.6],[-75.19,40.61],[-75.2,40.61],[-75.2,40.62],[-75.19,40.62],[-75.19,40.63],[-75.19,40.64],[-75.2,40.64],[-75.2,40.65],[-75.2,40.66],[-75.19,40.66],[-75.18,40.66],[-75.18,40.67],[-75.18,40.68],[-75.19,40.68],[-75.2,40.68],[-75.2,40.69]]]},"properties":{"SLDL":"023","NAME":"Assembly District 23","GEOID":"34023"}},{"type":"Feature","geometry":{"type":"Polygon","coordinates":[[[-74.64,40.41],[-74.63,40.41],[-74.63,40.42],[-74.62,40.42],[-74.62,40.43],[-74.62,40.44],[-74.61,40.44],[-74.62,40.44],[-74.61,40.44],[-74.61,40.45],[-74.6,40.45],[-74.59,40.45],[-74.59,40.46],[-74.58,40.46],[-74.58,40.47],[-74.57,40.47],[-74.58,40.47],[-74.58,40.48],[-74.58,40.49],[-74.58,40.5],[-74.59,40.5],[-74.59,40.51],[-74.58,40.51],[-74.58,40.52],[-74.59,40.52],[-74.59,40.53],[-74.58,40.53],[-74.58,40.54],[-74.57,40.54],[-74.56,40.54],[-74.56,40.55],[-74.55,40.55],[-74.54,40.55],[-74.54,40.56],[-74.53,40.56],[-74.52,40.56],[-74.51,40.56],[-74.5,40.56],[-74.5,40.57],[-74.49,40.57],[-74.48,40.57],[-74.48,40.58],[-74.47,40.58],[-74.47,40.59],[-74.47,40.58],[-74.46,40.58],[-74.46,40.59],[-74.45,40.59],[-74.46,40.59],[-74.46,40.6],[-74.45,40.6],[-74.44,40.6],[-74.44,40.59],[-74.44,40.58],[-74.44,40.57],[-74.44,40.56],[-74.43,40.56],[-74.43,40.55],[-74.42,40.55],[-74.41,40.55],[-74.41,40.54],[-74.41,40.53],[-74.42,40.53],[-74.43,40.52],[-74.44,40.52],[-74.44,40.51],[-74.45,40.51],[-74.44,40.51],[-74.44,40.5],[-74.44,40.49],[-74.43,40.49],[-74.44,40.49],[-74.43,40.49],[-74.42,40.49],[-74.41,40.49],[-74.4,40.49],[-74.39,40.49],[-74.39,40.48],[-74.4,40.48],[-74.41,40.48],[-74.42,40.48],[-74.42,40.47],[-74.43,40.47],[-74.43,40.46],[-74.44,40.46],[-74.45,40.46],[-74.45,40.45],[-74.45,40.44],[-74.46,40.44],[-74.47,40.44],[-74.47,40.43],[-74.48,40.43],[-74.48,40.42],[-74.49,40.42],[-74.5,40.42],[-74.51,40.42],[-74.51,40.41],[-74.52,40.41],[-74.51,40.41],[-74.51,40.42],[-74.51,40.43],[-74.52,40.43],[-74.52,40.44],[-74.53,40.44],[-74.54,40.44],[-74.54,40.43],[-74.55,40.43],[-74.56,40.43],[-74.57,40.43],[-74.57,40.42],[-74.58,40.42],[-74.59,40.42],[-74.59,40.41],[-74.58,40.41],[-74.59,40.41],[-74.59,40.4],[-74.59,40.39],[-74.6,40.39],[-74.6,40.38],[-74.61,40.38],[-74.62,40.38],[-74.62,40.37],[-74.62,40.38],[-74.62,40.39],[-74.63,40.39],[-74.63,40.4],[-74.64,40.4],[-74.64,40.41]]]},"properties":{"SLDL":"017","NAME":"Assembly District 17","GEOID":"34017"}},{"type":"Feature","geometry":{"type":"Polygon","coordinates":[[[-74.94,40.52],[-74.93,40.53],[-74.92,40.53],[-74.92,40.54],[-74.91,40.54],[-74.91,40.55],[-74.9,40.55],[-74.9,40.56],[-74.89,40.56],[-74.89,40.57],[-74.88,40.57],[-74.88,40.58],[-74.89,40.58],[-74.89,40.59],[-74.89,40.6],[-74.9,40.6],[-74.91,40.6],[-74.9,40.6],[-74.9,40.61],[-74.91,40.61],[-74.91,40.62],[-74.92,40.62],[-74.91,40.62],[-74.91,40.63],[-74.91,40.62],[-74.92,40.62],[-74.92,40.63],[-74.93,40.63],[-74.93,40.64],[-74.92,40.64],[-74.92,40.65],[-74.92,40.66],[-74.92,40.67],[-74.91,40.67],[-74.91,40.68],[-74.9,40.68],[-74.89,40.68],[-74.88,40.68],[-74.88,40.69],[-74.87,40.69],[-74.86,40.69],[-74.85,40.69],[-74.84,40.69],[-74.84,40.68],[-74.83,40.68],[-74.83,40.67],[-74.82,40.67],[-74.81,40.66],[-74.8,40.66],[-74.79,40.65],[-74.79,40.66],[-74.78,40.66],[-74.78,40.67],[-74.77,40.67],[-74.77,40.66],[-74.76,40.66],[-74.76,40.65],[-74.77,40.65],[-74.76,40.65],[-74.76,40.64],[-74.76,40.63],[-74.77,40.63],[-74.76,40.63],[-74.76,40.62],[-74.76,40.63],[-74.76,40.64],[-74.75,40.64],[-74.75,40.65],[-74.74,40.65],[-74.74,40.66],[-74.74,40.65],[-74.73,40.65],[-74.72,40.65],[-74.72,40.64],[-74.73,40.64],[-74.73,40.63],[-74.72,40.63],[-74.71,40.63],[-74.71,40.62],[-74.7,40.62],[-74.7,40.63],[-74.69,40.63],[-74.68,40.63],[-74.68,40.62],[-74.67,40.62],[-74.67,40.61],[-74.67,40.6],[-74.68,40.6],[-74.68,40.59],[-74.68,40.58],[-74.68,40.57],[-74.68,40.56],[-74.69,40.56],[-74.69,40.55],[-74.68,40.55],[-74.67,40.55],[-74.66,40.55],[-74.65,40.55],[-74.65,40.56],[-74.64,40.56],[-74.63,40.56],[-74.62,40.56],[-74.61,40.56],[-74.6,40.56],[-74.6,40.55],[-74.6,40.54],[-74.61,40.54],[-74.6,40.54],[-74.6,40.53],[-74.61,40.53],[-74.6,40.53],[-74.59,40.53],[-74.59,40.52],[-74.58,40.52],[-74.58,40.51],[-74.59,40.51],[-74.59,40.5],[-74.58,40.5],[-74.58,40.49],[-74.58,40.48],[-74.58,40.47],[-74.57,40.47],[-74.58,40.47],[-74.58,40.46],[-74.59,40.46],[-74.59,40.45],[-74.6,40.45],[-74.61,40.45],[-74.61,40.44],[-74.62,40.44],[-74.61,40.44],[-74.62,40.44],[-74.62,40.43],[-74.62,40.42],[-74.63,40.42],[-74.63,40.41],[-74.64,40.41],[-74.64,40.4],[-74.63,40.4],[-74.63,40.39],[-74.62,40.39],[-74.62,40.38],[-74.62,40.37],[-74.62,40.38],[-74.61,40.38],[-74.6,40.38],[-74.6,40.39],[-74.59,40.39],[-74.59,40.4],[-74.59,40.41],[-74.58,40.41],[-74.59,40.41],[-74.59,40.42],[-74.58,40.42],[-74.57,40.42],[-74.57,40.43],[-74.56,40.43],[-74.55,40.43],[-74.54,40.43],[-74.54,40.44],[-74.53,40.44],[-74.52,40.44],[-74.52,40.43],[-74.51,40.43],[-74.51,40.42],[-74.51,40.41],[-74.52,40.41],[-74.51,40.41],[-74.51,40.42],[-74.5,40.42],[-74.49,40.42],[-74.48,40.42],[-74.47,40.42],[-74.47,40.41],[-74.47,40.42],[-74.47,40.41],[-74.46,40.41],[-74.45,40.41],[-74.44,40.4],[-74.44,40.39],[-74.44,40.38],[-74.45,40.38],[-74.46,40.37],[-74.46,40.36],[-74.47,40.36],[-74.47,40.35],[-74.48,40.35],[-74.48,40.34],[-74.5,40.34],[-74.5,40.33],[-74.51,40.33],[-74.52,40.33],[-74.53,40.33],[-74.53,40.34],[-74.54,40.34],[-74.55,40.34],[-74.56,40.34],[-74.56,40.35],[-74.55,40.35],[-74.55,40.36],[-74.56,40.36],[-74.57,40.36],[-74.58,40.36],[-74.59,40.36],[-74.6,40.36],[-74.61,40.36],[-74.62,40.36],[-74.62,40.37],[-74.62,40.36],[-74.63,40.36],[-74.63,40.35],[-74.63,40.34],[-74.64,40.34],[-74.65,40.34],[-74.65,40.33],[-74.66,40.33],[-74.66,40.32],[-74.67,40.32],[-74.67,40.31],[-74.68,40.31],[-74.69,40.3],[-74.69,40.31],[-74.69,40.33],[-74.7,40.33],[-74.7,40.34],[-74.71,40.35],[-74.71,40.36],[-74.72,40.36],[-74.72,40.37],[-74.72,40.38],[-74.73,40.38],[-74.73,40.39],[-74.73,40.4],[-74.74,40.4],[-74.74,40.41],[-74.75,40.42],[-74.75,40.43],[-74.75,40.44],[-74.76,40.44],[-74.76,40.45],[-74.77,40.45],[-74.77,40.46],[-74.77,40.47],[-74.78,40.47],[-74.78,40.48],[-74.78,40.49],[-74.79,40.48],[-74.8,40.48],[-74.81,40.48],[-74.82,40.48],[-74.82,40.47],[-74.83,40.47],[-74.83,40.46],[-74.84,40.46],[-74.84,40.45],[-74.85,40.45],[-74.85,40.44],[-74.86,40.44],[-74.86,40.45],[-74.86,40.44],[-74.87,40.44],[-74.88,40.45],[-74.87,40.45],[-74.88,40.45],[-74.88,40.46],[-74.88,40.47],[-74.89,40.47],[-74.9,40.47],[-74.9,40.48],[-74.91,40.48],[-74.92,40.48],[-74.92,40.49],[-74.92,40.48],[-74.92,40.49],[-74.93,40.49],[-74.93,40.5],[-74.93,40.51],[-74.93,40.52],[-74.94,40.52]]]},"properties":{"SLDL":"016","NAME":"Assembly District 16","GEOID":"34016"}}]}